file,line,type,commit,author,date,time,timezone,datetime,depth,length
style.css,1,css,d48aa518,Nancy Shen,2025-01-17,20:38:24,-08:00,2025-01-17T20:38:24-08:00,0,5
style.css,2,css,d0cd7225,Nancy Shen,2025-01-25,19:30:46,-08:00,2025-01-25T19:30:46-08:00,0,24
style.css,3,css,d0cd7225,Nancy Shen,2025-01-25,19:30:46,-08:00,2025-01-25T19:30:46-08:00,0,16
style.css,4,css,d0cd7225,Nancy Shen,2025-01-25,19:30:46,-08:00,2025-01-25T19:30:46-08:00,0,19
style.css,5,css,d0cd7225,Nancy Shen,2025-01-25,19:30:46,-08:00,2025-01-25T19:30:46-08:00,0,13
style.css,6,css,d0cd7225,Nancy Shen,2025-01-25,19:30:46,-08:00,2025-01-25T19:30:46-08:00,0,0
style.css,7,css,05c7022c,Nancy Shen,2025-01-18,20:27:02,-08:00,2025-01-18T20:27:02-08:00,0,0
style.css,8,css,d0cd7225,Nancy Shen,2025-01-25,19:30:46,-08:00,2025-01-25T19:30:46-08:00,0,6
style.css,9,css,d0cd7225,Nancy Shen,2025-01-25,19:30:46,-08:00,2025-01-25T19:30:46-08:00,0,10
style.css,10,css,d0cd7225,Nancy Shen,2025-01-25,19:30:46,-08:00,2025-01-25T19:30:46-08:00,0,17
style.css,11,css,05c7022c,Nancy Shen,2025-01-18,20:27:02,-08:00,2025-01-18T20:27:02-08:00,0,0
style.css,12,css,05c7022c,Nancy Shen,2025-01-18,20:27:02,-08:00,2025-01-18T20:27:02-08:00,0,0
style.css,13,css,05c7022c,Nancy Shen,2025-01-18,20:27:02,-08:00,2025-01-18T20:27:02-08:00,0,4
style.css,14,css,05c7022c,Nancy Shen,2025-01-18,20:27:02,-08:00,2025-01-18T20:27:02-08:00,0,13
style.css,15,css,05c7022c,Nancy Shen,2025-01-18,20:27:02,-08:00,2025-01-18T20:27:02-08:00,0,16
style.css,16,css,05c7022c,Nancy Shen,2025-01-18,20:27:02,-08:00,2025-01-18T20:27:02-08:00,0,10
style.css,17,css,05c7022c,Nancy Shen,2025-01-18,20:27:02,-08:00,2025-01-18T20:27:02-08:00,0,18
style.css,18,css,d0cd7225,Nancy Shen,2025-01-25,19:30:46,-08:00,2025-01-25T19:30:46-08:00,0,0
style.css,19,css,d0cd7225,Nancy Shen,2025-01-25,19:30:46,-08:00,2025-01-25T19:30:46-08:00,0,40
style.css,20,css,d0cd7225,Nancy Shen,2025-01-25,19:30:46,-08:00,2025-01-25T19:30:46-08:00,0,44
style.css,21,css,05c7022c,Nancy Shen,2025-01-18,20:27:02,-08:00,2025-01-18T20:27:02-08:00,0,0
style.css,22,css,05c7022c,Nancy Shen,2025-01-18,20:27:02,-08:00,2025-01-18T20:27:02-08:00,0,0
style.css,23,css,05c7022c,Nancy Shen,2025-01-18,20:27:02,-08:00,2025-01-18T20:27:02-08:00,0,6
style.css,24,css,05c7022c,Nancy Shen,2025-01-18,20:27:02,-08:00,2025-01-18T20:27:02-08:00,0,7
style.css,25,css,05c7022c,Nancy Shen,2025-01-18,20:27:02,-08:00,2025-01-18T20:27:02-08:00,0,18
style.css,26,css,05c7022c,Nancy Shen,2025-01-18,20:27:02,-08:00,2025-01-18T20:27:02-08:00,0,14
style.css,27,css,05c7022c,Nancy Shen,2025-01-18,20:27:02,-08:00,2025-01-18T20:27:02-08:00,0,21
style.css,28,css,05c7022c,Nancy Shen,2025-01-18,20:27:02,-08:00,2025-01-18T20:27:02-08:00,0,14
style.css,29,css,05c7022c,Nancy Shen,2025-01-18,20:27:02,-08:00,2025-01-18T20:27:02-08:00,0,0
style.css,30,css,05c7022c,Nancy Shen,2025-01-18,20:27:02,-08:00,2025-01-18T20:27:02-08:00,0,0
style.css,31,css,05c7022c,Nancy Shen,2025-01-18,20:27:02,-08:00,2025-01-18T20:27:02-08:00,0,14
style.css,32,css,d0cd7225,Nancy Shen,2025-01-25,19:30:46,-08:00,2025-01-25T19:30:46-08:00,0,53
style.css,33,css,05c7022c,Nancy Shen,2025-01-18,20:27:02,-08:00,2025-01-18T20:27:02-08:00,0,35
style.css,34,css,05c7022c,Nancy Shen,2025-01-18,20:27:02,-08:00,2025-01-18T20:27:02-08:00,0,0
style.css,35,css,05c7022c,Nancy Shen,2025-01-18,20:27:02,-08:00,2025-01-18T20:27:02-08:00,0,0
style.css,36,css,05c7022c,Nancy Shen,2025-01-18,20:27:02,-08:00,2025-01-18T20:27:02-08:00,0,6
style.css,37,css,05c7022c,Nancy Shen,2025-01-18,20:27:02,-08:00,2025-01-18T20:27:02-08:00,0,42
style.css,38,css,05c7022c,Nancy Shen,2025-01-18,20:27:02,-08:00,2025-01-18T20:27:02-08:00,0,21
style.css,39,css,05c7022c,Nancy Shen,2025-01-18,20:27:02,-08:00,2025-01-18T20:27:02-08:00,0,19
style.css,40,css,d0cd7225,Nancy Shen,2025-01-25,19:30:46,-08:00,2025-01-25T19:30:46-08:00,0,0
style.css,41,css,05c7022c,Nancy Shen,2025-01-18,20:27:02,-08:00,2025-01-18T20:27:02-08:00,0,0
style.css,42,css,05c7022c,Nancy Shen,2025-01-18,20:27:02,-08:00,2025-01-18T20:27:02-08:00,0,0
style.css,43,css,05c7022c,Nancy Shen,2025-01-18,20:27:02,-08:00,2025-01-18T20:27:02-08:00,0,5
style.css,44,css,d0cd7225,Nancy Shen,2025-01-25,19:30:46,-08:00,2025-01-25T19:30:46-08:00,0,19
style.css,45,css,05c7022c,Nancy Shen,2025-01-18,20:27:02,-08:00,2025-01-18T20:27:02-08:00,0,33
style.css,46,css,05c7022c,Nancy Shen,2025-01-18,20:27:02,-08:00,2025-01-18T20:27:02-08:00,0,0
style.css,47,css,05c7022c,Nancy Shen,2025-01-18,20:27:02,-08:00,2025-01-18T20:27:02-08:00,0,0
style.css,48,css,05c7022c,Nancy Shen,2025-01-18,20:27:02,-08:00,2025-01-18T20:27:02-08:00,0,12
style.css,49,css,05c7022c,Nancy Shen,2025-01-18,20:27:02,-08:00,2025-01-18T20:27:02-08:00,0,46
style.css,50,css,d0cd7225,Nancy Shen,2025-01-25,19:30:46,-08:00,2025-01-25T19:30:46-08:00,0,70
style.css,51,css,05c7022c,Nancy Shen,2025-01-18,20:27:02,-08:00,2025-01-18T20:27:02-08:00,0,0
style.css,52,css,05c7022c,Nancy Shen,2025-01-18,20:27:02,-08:00,2025-01-18T20:27:02-08:00,0,0
style.css,53,css,05c7022c,Nancy Shen,2025-01-18,20:27:02,-08:00,2025-01-18T20:27:02-08:00,0,5
style.css,54,css,05c7022c,Nancy Shen,2025-01-18,20:27:02,-08:00,2025-01-18T20:27:02-08:00,0,13
style.css,55,css,05c7022c,Nancy Shen,2025-01-18,20:27:02,-08:00,2025-01-18T20:27:02-08:00,0,13
style.css,56,css,05c7022c,Nancy Shen,2025-01-18,20:27:02,-08:00,2025-01-18T20:27:02-08:00,0,31
style.css,57,css,05c7022c,Nancy Shen,2025-01-18,20:27:02,-08:00,2025-01-18T20:27:02-08:00,0,8
style.css,58,css,05c7022c,Nancy Shen,2025-01-18,20:27:02,-08:00,2025-01-18T20:27:02-08:00,0,0
style.css,59,css,05c7022c,Nancy Shen,2025-01-18,20:27:02,-08:00,2025-01-18T20:27:02-08:00,0,0
style.css,60,css,d0cd7225,Nancy Shen,2025-01-25,19:30:46,-08:00,2025-01-25T19:30:46-08:00,0,5
style.css,61,css,d0cd7225,Nancy Shen,2025-01-25,19:30:46,-08:00,2025-01-25T19:30:46-08:00,0,6
style.css,62,css,d0cd7225,Nancy Shen,2025-01-25,19:30:46,-08:00,2025-01-25T19:30:46-08:00,0,8
style.css,63,css,d0cd7225,Nancy Shen,2025-01-25,19:30:46,-08:00,2025-01-25T19:30:46-08:00,0,7
style.css,64,css,05c7022c,Nancy Shen,2025-01-18,20:27:02,-08:00,2025-01-18T20:27:02-08:00,0,14
style.css,65,css,05c7022c,Nancy Shen,2025-01-18,20:27:02,-08:00,2025-01-18T20:27:02-08:00,0,11
style.css,66,css,d0cd7225,Nancy Shen,2025-01-25,19:30:46,-08:00,2025-01-25T19:30:46-08:00,0,14
style.css,67,css,05c7022c,Nancy Shen,2025-01-18,20:27:02,-08:00,2025-01-18T20:27:02-08:00,0,22
style.css,68,css,05c7022c,Nancy Shen,2025-01-18,20:27:02,-08:00,2025-01-18T20:27:02-08:00,0,0
style.css,69,css,05c7022c,Nancy Shen,2025-01-18,20:27:02,-08:00,2025-01-18T20:27:02-08:00,0,0
style.css,70,css,05c7022c,Nancy Shen,2025-01-18,20:27:02,-08:00,2025-01-18T20:27:02-08:00,0,6
style.css,71,css,05c7022c,Nancy Shen,2025-01-18,20:27:02,-08:00,2025-01-18T20:27:02-08:00,0,14
style.css,72,css,05c7022c,Nancy Shen,2025-01-18,20:27:02,-08:00,2025-01-18T20:27:02-08:00,0,18
style.css,73,css,05c7022c,Nancy Shen,2025-01-18,20:27:02,-08:00,2025-01-18T20:27:02-08:00,0,17
style.css,74,css,05c7022c,Nancy Shen,2025-01-18,20:27:02,-08:00,2025-01-18T20:27:02-08:00,0,13
style.css,75,css,05c7022c,Nancy Shen,2025-01-18,20:27:02,-08:00,2025-01-18T20:27:02-08:00,0,30
style.css,76,css,05c7022c,Nancy Shen,2025-01-18,20:27:02,-08:00,2025-01-18T20:27:02-08:00,0,0
style.css,77,css,05c7022c,Nancy Shen,2025-01-18,20:27:02,-08:00,2025-01-18T20:27:02-08:00,0,0
style.css,78,css,d0cd7225,Nancy Shen,2025-01-25,19:30:46,-08:00,2025-01-25T19:30:46-08:00,0,5
style.css,79,css,d0cd7225,Nancy Shen,2025-01-25,19:30:46,-08:00,2025-01-25T19:30:46-08:00,0,5
style.css,80,css,d0cd7225,Nancy Shen,2025-01-25,19:30:46,-08:00,2025-01-25T19:30:46-08:00,0,22
style.css,81,css,05c7022c,Nancy Shen,2025-01-18,20:27:02,-08:00,2025-01-18T20:27:02-08:00,0,19
style.css,82,css,05c7022c,Nancy Shen,2025-01-18,20:27:02,-08:00,2025-01-18T20:27:02-08:00,0,0
style.css,83,css,05c7022c,Nancy Shen,2025-01-18,20:27:02,-08:00,2025-01-18T20:27:02-08:00,0,0
style.css,84,css,05c7022c,Nancy Shen,2025-01-18,20:27:02,-08:00,2025-01-18T20:27:02-08:00,0,10
style.css,85,css,05c7022c,Nancy Shen,2025-01-18,20:27:02,-08:00,2025-01-18T20:27:02-08:00,0,13
style.css,86,css,05c7022c,Nancy Shen,2025-01-18,20:27:02,-08:00,2025-01-18T20:27:02-08:00,0,59
style.css,87,css,05c7022c,Nancy Shen,2025-01-18,20:27:02,-08:00,2025-01-18T20:27:02-08:00,0,8
style.css,88,css,05c7022c,Nancy Shen,2025-01-18,20:27:02,-08:00,2025-01-18T20:27:02-08:00,0,12
style.css,89,css,05c7022c,Nancy Shen,2025-01-18,20:27:02,-08:00,2025-01-18T20:27:02-08:00,0,0
style.css,90,css,05c7022c,Nancy Shen,2025-01-18,20:27:02,-08:00,2025-01-18T20:27:02-08:00,0,0
style.css,91,css,05c7022c,Nancy Shen,2025-01-18,20:27:02,-08:00,2025-01-18T20:27:02-08:00,0,18
style.css,92,css,05c7022c,Nancy Shen,2025-01-18,20:27:02,-08:00,2025-01-18T20:27:02-08:00,0,13
style.css,93,css,05c7022c,Nancy Shen,2025-01-18,20:27:02,-08:00,2025-01-18T20:27:02-08:00,0,27
style.css,94,css,05c7022c,Nancy Shen,2025-01-18,20:27:02,-08:00,2025-01-18T20:27:02-08:00,0,16
style.css,95,css,05c7022c,Nancy Shen,2025-01-18,20:27:02,-08:00,2025-01-18T20:27:02-08:00,0,9
style.css,96,css,05c7022c,Nancy Shen,2025-01-18,20:27:02,-08:00,2025-01-18T20:27:02-08:00,0,8
style.css,97,css,05c7022c,Nancy Shen,2025-01-18,20:27:02,-08:00,2025-01-18T20:27:02-08:00,0,25
style.css,98,css,05c7022c,Nancy Shen,2025-01-18,20:27:02,-08:00,2025-01-18T20:27:02-08:00,0,22
style.css,99,css,05c7022c,Nancy Shen,2025-01-18,20:27:02,-08:00,2025-01-18T20:27:02-08:00,0,12
style.css,100,css,05c7022c,Nancy Shen,2025-01-18,20:27:02,-08:00,2025-01-18T20:27:02-08:00,0,37
style.css,101,css,05c7022c,Nancy Shen,2025-01-18,20:27:02,-08:00,2025-01-18T20:27:02-08:00,0,0
style.css,102,css,05c7022c,Nancy Shen,2025-01-18,20:27:02,-08:00,2025-01-18T20:27:02-08:00,0,0
style.css,103,css,05c7022c,Nancy Shen,2025-01-18,20:27:02,-08:00,2025-01-18T20:27:02-08:00,0,21
style.css,104,css,05c7022c,Nancy Shen,2025-01-18,20:27:02,-08:00,2025-01-18T20:27:02-08:00,0,9
style.css,105,css,05c7022c,Nancy Shen,2025-01-18,20:27:02,-08:00,2025-01-18T20:27:02-08:00,0,0
style.css,106,css,05c7022c,Nancy Shen,2025-01-18,20:27:02,-08:00,2025-01-18T20:27:02-08:00,0,0
style.css,107,css,05c7022c,Nancy Shen,2025-01-18,20:27:02,-08:00,2025-01-18T20:27:02-08:00,0,22
style.css,108,css,05c7022c,Nancy Shen,2025-01-18,20:27:02,-08:00,2025-01-18T20:27:02-08:00,0,11
style.css,109,css,05c7022c,Nancy Shen,2025-01-18,20:27:02,-08:00,2025-01-18T20:27:02-08:00,0,12
style.css,110,css,05c7022c,Nancy Shen,2025-01-18,20:27:02,-08:00,2025-01-18T20:27:02-08:00,0,14
style.css,111,css,05c7022c,Nancy Shen,2025-01-18,20:27:02,-08:00,2025-01-18T20:27:02-08:00,0,0
style.css,112,css,05c7022c,Nancy Shen,2025-01-18,20:27:02,-08:00,2025-01-18T20:27:02-08:00,0,0
style.css,113,css,d0cd7225,Nancy Shen,2025-01-25,19:30:46,-08:00,2025-01-25T19:30:46-08:00,0,2
style.css,114,css,d0cd7225,Nancy Shen,2025-01-25,19:30:46,-08:00,2025-01-25T19:30:46-08:00,0,2
style.css,115,css,d0cd7225,Nancy Shen,2025-01-25,19:30:46,-08:00,2025-01-25T19:30:46-08:00,0,2
style.css,116,css,d0cd7225,Nancy Shen,2025-01-25,19:30:46,-08:00,2025-01-25T19:30:46-08:00,0,2
style.css,117,css,d0cd7225,Nancy Shen,2025-01-25,19:30:46,-08:00,2025-01-25T19:30:46-08:00,0,2
style.css,118,css,d0cd7225,Nancy Shen,2025-01-25,19:30:46,-08:00,2025-01-25T19:30:46-08:00,0,3
style.css,119,css,05c7022c,Nancy Shen,2025-01-18,20:27:02,-08:00,2025-01-18T20:27:02-08:00,0,16
style.css,120,css,05c7022c,Nancy Shen,2025-01-18,20:27:02,-08:00,2025-01-18T20:27:02-08:00,0,18
style.css,121,css,05c7022c,Nancy Shen,2025-01-18,20:27:02,-08:00,2025-01-18T20:27:02-08:00,0,17
style.css,122,css,05c7022c,Nancy Shen,2025-01-18,20:27:02,-08:00,2025-01-18T20:27:02-08:00,0,17
style.css,123,css,05c7022c,Nancy Shen,2025-01-18,20:27:02,-08:00,2025-01-18T20:27:02-08:00,0,20
style.css,124,css,05c7022c,Nancy Shen,2025-01-18,20:27:02,-08:00,2025-01-18T20:27:02-08:00,0,0
style.css,125,css,05c7022c,Nancy Shen,2025-01-18,20:27:02,-08:00,2025-01-18T20:27:02-08:00,0,0
style.css,126,css,05c7022c,Nancy Shen,2025-01-18,20:27:02,-08:00,2025-01-18T20:27:02-08:00,0,3
style.css,127,css,d0cd7225,Nancy Shen,2025-01-25,19:30:46,-08:00,2025-01-25T19:30:46-08:00,0,14
style.css,128,css,05c7022c,Nancy Shen,2025-01-18,20:27:02,-08:00,2025-01-18T20:27:02-08:00,0,15
style.css,129,css,05c7022c,Nancy Shen,2025-01-18,20:27:02,-08:00,2025-01-18T20:27:02-08:00,0,0
style.css,130,css,05c7022c,Nancy Shen,2025-01-18,20:27:02,-08:00,2025-01-18T20:27:02-08:00,0,0
style.css,131,css,05c7022c,Nancy Shen,2025-01-18,20:27:02,-08:00,2025-01-18T20:27:02-08:00,0,3
style.css,132,css,d0cd7225,Nancy Shen,2025-01-25,19:30:46,-08:00,2025-01-25T19:30:46-08:00,0,14
style.css,133,css,05c7022c,Nancy Shen,2025-01-18,20:27:02,-08:00,2025-01-18T20:27:02-08:00,0,15
style.css,134,css,05c7022c,Nancy Shen,2025-01-18,20:27:02,-08:00,2025-01-18T20:27:02-08:00,0,0
style.css,135,css,05c7022c,Nancy Shen,2025-01-18,20:27:02,-08:00,2025-01-18T20:27:02-08:00,0,0
style.css,136,css,05c7022c,Nancy Shen,2025-01-18,20:27:02,-08:00,2025-01-18T20:27:02-08:00,0,26
style.css,137,css,05c7022c,Nancy Shen,2025-01-18,20:27:02,-08:00,2025-01-18T20:27:02-08:00,0,3
style.css,138,css,d0cd7225,Nancy Shen,2025-01-25,19:30:46,-08:00,2025-01-25T19:30:46-08:00,0,15
style.css,139,css,05c7022c,Nancy Shen,2025-01-18,20:27:02,-08:00,2025-01-18T20:27:02-08:00,0,0
style.css,140,css,05c7022c,Nancy Shen,2025-01-18,20:27:02,-08:00,2025-01-18T20:27:02-08:00,0,3
style.css,141,css,d0cd7225,Nancy Shen,2025-01-25,19:30:46,-08:00,2025-01-25T19:30:46-08:00,0,15
style.css,142,css,05c7022c,Nancy Shen,2025-01-18,20:27:02,-08:00,2025-01-18T20:27:02-08:00,0,0
style.css,143,css,05c7022c,Nancy Shen,2025-01-18,20:27:02,-08:00,2025-01-18T20:27:02-08:00,0,0
style.css,144,css,05c7022c,Nancy Shen,2025-01-18,20:27:02,-08:00,2025-01-18T20:27:02-08:00,0,0
style.css,145,css,05c7022c,Nancy Shen,2025-01-18,20:27:02,-08:00,2025-01-18T20:27:02-08:00,0,4
style.css,146,css,05c7022c,Nancy Shen,2025-01-18,20:27:02,-08:00,2025-01-18T20:27:02-08:00,0,13
style.css,147,css,05c7022c,Nancy Shen,2025-01-18,20:27:02,-08:00,2025-01-18T20:27:02-08:00,0,30
style.css,148,css,05c7022c,Nancy Shen,2025-01-18,20:27:02,-08:00,2025-01-18T20:27:02-08:00,0,9
style.css,149,css,05c7022c,Nancy Shen,2025-01-18,20:27:02,-08:00,2025-01-18T20:27:02-08:00,0,13
style.css,150,css,05c7022c,Nancy Shen,2025-01-18,20:27:02,-08:00,2025-01-18T20:27:02-08:00,0,48
style.css,151,css,05c7022c,Nancy Shen,2025-01-18,20:27:02,-08:00,2025-01-18T20:27:02-08:00,0,11
style.css,152,css,05c7022c,Nancy Shen,2025-01-18,20:27:02,-08:00,2025-01-18T20:27:02-08:00,0,25
style.css,153,css,05c7022c,Nancy Shen,2025-01-18,20:27:02,-08:00,2025-01-18T20:27:02-08:00,0,0
style.css,154,css,05c7022c,Nancy Shen,2025-01-18,20:27:02,-08:00,2025-01-18T20:27:02-08:00,0,0
style.css,155,css,05c7022c,Nancy Shen,2025-01-18,20:27:02,-08:00,2025-01-18T20:27:02-08:00,0,10
style.css,156,css,05c7022c,Nancy Shen,2025-01-18,20:27:02,-08:00,2025-01-18T20:27:02-08:00,0,18
style.css,157,css,05c7022c,Nancy Shen,2025-01-18,20:27:02,-08:00,2025-01-18T20:27:02-08:00,0,0
style.css,158,css,05c7022c,Nancy Shen,2025-01-18,20:27:02,-08:00,2025-01-18T20:27:02-08:00,0,0
style.css,159,css,05c7022c,Nancy Shen,2025-01-18,20:27:02,-08:00,2025-01-18T20:27:02-08:00,0,9
style.css,160,css,05c7022c,Nancy Shen,2025-01-18,20:27:02,-08:00,2025-01-18T20:27:02-08:00,0,18
style.css,161,css,05c7022c,Nancy Shen,2025-01-18,20:27:02,-08:00,2025-01-18T20:27:02-08:00,0,0
style.css,162,css,05c7022c,Nancy Shen,2025-01-18,20:27:02,-08:00,2025-01-18T20:27:02-08:00,0,0
style.css,163,css,d0cd7225,Nancy Shen,2025-01-25,19:30:46,-08:00,2025-01-25T19:30:46-08:00,0,6
style.css,164,css,d0cd7225,Nancy Shen,2025-01-25,19:30:46,-08:00,2025-01-25T19:30:46-08:00,0,6
style.css,165,css,d0cd7225,Nancy Shen,2025-01-25,19:30:46,-08:00,2025-01-25T19:30:46-08:00,0,7
style.css,166,css,05c7022c,Nancy Shen,2025-01-18,20:27:02,-08:00,2025-01-18T20:27:02-08:00,0,21
style.css,167,css,05c7022c,Nancy Shen,2025-01-18,20:27:02,-08:00,2025-01-18T20:27:02-08:00,0,0
style.css,168,css,05c7022c,Nancy Shen,2025-01-18,20:27:02,-08:00,2025-01-18T20:27:02-08:00,0,0
style.css,169,css,05c7022c,Nancy Shen,2025-01-18,20:27:02,-08:00,2025-01-18T20:27:02-08:00,0,7
style.css,170,css,05c7022c,Nancy Shen,2025-01-18,20:27:02,-08:00,2025-01-18T20:27:02-08:00,0,15
style.css,171,css,05c7022c,Nancy Shen,2025-01-18,20:27:02,-08:00,2025-01-18T20:27:02-08:00,0,17
style.css,172,css,d0cd7225,Nancy Shen,2025-01-25,19:30:46,-08:00,2025-01-25T19:30:46-08:00,0,14
style.css,173,css,05c7022c,Nancy Shen,2025-01-18,20:27:02,-08:00,2025-01-18T20:27:02-08:00,0,0
style.css,174,css,05c7022c,Nancy Shen,2025-01-18,20:27:02,-08:00,2025-01-18T20:27:02-08:00,0,0
style.css,175,css,05c7022c,Nancy Shen,2025-01-18,20:27:02,-08:00,2025-01-18T20:27:02-08:00,0,7
style.css,176,css,05c7022c,Nancy Shen,2025-01-18,20:27:02,-08:00,2025-01-18T20:27:02-08:00,0,15
style.css,177,css,05c7022c,Nancy Shen,2025-01-18,20:27:02,-08:00,2025-01-18T20:27:02-08:00,0,19
style.css,178,css,d0cd7225,Nancy Shen,2025-01-25,19:30:46,-08:00,2025-01-25T19:30:46-08:00,0,14
style.css,179,css,05c7022c,Nancy Shen,2025-01-18,20:27:02,-08:00,2025-01-18T20:27:02-08:00,0,0
style.css,180,css,05c7022c,Nancy Shen,2025-01-18,20:27:02,-08:00,2025-01-18T20:27:02-08:00,0,0
style.css,181,css,05c7022c,Nancy Shen,2025-01-18,20:27:02,-08:00,2025-01-18T20:27:02-08:00,0,6
style.css,182,css,05c7022c,Nancy Shen,2025-01-18,20:27:02,-08:00,2025-01-18T20:27:02-08:00,0,16
style.css,183,css,05c7022c,Nancy Shen,2025-01-18,20:27:02,-08:00,2025-01-18T20:27:02-08:00,0,0
style.css,184,css,05c7022c,Nancy Shen,2025-01-18,20:27:02,-08:00,2025-01-18T20:27:02-08:00,0,0
style.css,185,css,05c7022c,Nancy Shen,2025-01-18,20:27:02,-08:00,2025-01-18T20:27:02-08:00,0,6
style.css,186,css,d0cd7225,Nancy Shen,2025-01-25,19:30:46,-08:00,2025-01-25T19:30:46-08:00,0,14
style.css,187,css,05c7022c,Nancy Shen,2025-01-18,20:27:02,-08:00,2025-01-18T20:27:02-08:00,0,0
style.css,188,css,05c7022c,Nancy Shen,2025-01-18,20:27:02,-08:00,2025-01-18T20:27:02-08:00,0,0
style.css,189,css,05c7022c,Nancy Shen,2025-01-18,20:27:02,-08:00,2025-01-18T20:27:02-08:00,0,12
style.css,190,css,05c7022c,Nancy Shen,2025-01-18,20:27:02,-08:00,2025-01-18T20:27:02-08:00,0,26
style.css,191,css,d0cd7225,Nancy Shen,2025-01-25,19:30:46,-08:00,2025-01-25T19:30:46-08:00,0,14
style.css,192,css,05c7022c,Nancy Shen,2025-01-18,20:27:02,-08:00,2025-01-18T20:27:02-08:00,0,0
style.css,193,css,05c7022c,Nancy Shen,2025-01-18,20:27:02,-08:00,2025-01-18T20:27:02-08:00,0,0
style.css,194,css,05c7022c,Nancy Shen,2025-01-18,20:27:02,-08:00,2025-01-18T20:27:02-08:00,0,11
style.css,195,css,05c7022c,Nancy Shen,2025-01-18,20:27:02,-08:00,2025-01-18T20:27:02-08:00,0,17
style.css,196,css,d0cd7225,Nancy Shen,2025-01-25,19:30:46,-08:00,2025-01-25T19:30:46-08:00,0,25
style.css,197,css,05c7022c,Nancy Shen,2025-01-18,20:27:02,-08:00,2025-01-18T20:27:02-08:00,0,12
style.css,198,css,05c7022c,Nancy Shen,2025-01-18,20:27:02,-08:00,2025-01-18T20:27:02-08:00,0,12
style.css,199,css,05c7022c,Nancy Shen,2025-01-18,20:27:02,-08:00,2025-01-18T20:27:02-08:00,0,18
style.css,200,css,05c7022c,Nancy Shen,2025-01-18,20:27:02,-08:00,2025-01-18T20:27:02-08:00,0,15
style.css,201,css,05c7022c,Nancy Shen,2025-01-18,20:27:02,-08:00,2025-01-18T20:27:02-08:00,0,0
style.css,202,css,05c7022c,Nancy Shen,2025-01-18,20:27:02,-08:00,2025-01-18T20:27:02-08:00,0,0
style.css,203,css,05c7022c,Nancy Shen,2025-01-18,20:27:02,-08:00,2025-01-18T20:27:02-08:00,0,17
style.css,204,css,d0cd7225,Nancy Shen,2025-01-25,19:30:46,-08:00,2025-01-25T19:30:46-08:00,0,25
style.css,205,css,05c7022c,Nancy Shen,2025-01-18,20:27:02,-08:00,2025-01-18T20:27:02-08:00,0,0
style.css,206,css,05c7022c,Nancy Shen,2025-01-18,20:27:02,-08:00,2025-01-18T20:27:02-08:00,0,0
style.css,207,css,05c7022c,Nancy Shen,2025-01-18,20:27:02,-08:00,2025-01-18T20:27:02-08:00,0,26
style.css,208,css,05c7022c,Nancy Shen,2025-01-18,20:27:02,-08:00,2025-01-18T20:27:02-08:00,0,4
style.css,209,css,d0cd7225,Nancy Shen,2025-01-25,19:30:46,-08:00,2025-01-25T19:30:46-08:00,0,26
style.css,210,css,05c7022c,Nancy Shen,2025-01-18,20:27:02,-08:00,2025-01-18T20:27:02-08:00,0,0
style.css,211,css,d0cd7225,Nancy Shen,2025-01-25,19:30:46,-08:00,2025-01-25T19:30:46-08:00,0,9
style.css,212,css,d0cd7225,Nancy Shen,2025-01-25,19:30:46,-08:00,2025-01-25T19:30:46-08:00,0,9
style.css,213,css,d0cd7225,Nancy Shen,2025-01-25,19:30:46,-08:00,2025-01-25T19:30:46-08:00,0,14
style.css,214,css,05c7022c,Nancy Shen,2025-01-18,20:27:02,-08:00,2025-01-18T20:27:02-08:00,0,0
style.css,215,css,05c7022c,Nancy Shen,2025-01-18,20:27:02,-08:00,2025-01-18T20:27:02-08:00,0,7
style.css,216,css,d0cd7225,Nancy Shen,2025-01-25,19:30:46,-08:00,2025-01-25T19:30:46-08:00,0,15
style.css,217,css,05c7022c,Nancy Shen,2025-01-18,20:27:02,-08:00,2025-01-18T20:27:02-08:00,0,0
style.css,218,css,d0cd7225,Nancy Shen,2025-01-25,19:30:46,-08:00,2025-01-25T19:30:46-08:00,0,0
style.css,219,css,d0cd7225,Nancy Shen,2025-01-25,19:30:46,-08:00,2025-01-25T19:30:46-08:00,0,0
style.css,220,css,d0cd7225,Nancy Shen,2025-01-25,19:30:46,-08:00,2025-01-25T19:30:46-08:00,0,14
style.css,221,css,d0cd7225,Nancy Shen,2025-01-25,19:30:46,-08:00,2025-01-25T19:30:46-08:00,0,18
style.css,222,css,d0cd7225,Nancy Shen,2025-01-25,19:30:46,-08:00,2025-01-25T19:30:46-08:00,0,9
style.css,223,css,d0cd7225,Nancy Shen,2025-01-25,19:30:46,-08:00,2025-01-25T19:30:46-08:00,0,11
style.css,224,css,d0cd7225,Nancy Shen,2025-01-25,19:30:46,-08:00,2025-01-25T19:30:46-08:00,0,14
style.css,225,css,d0cd7225,Nancy Shen,2025-01-25,19:30:46,-08:00,2025-01-25T19:30:46-08:00,0,0
style.css,226,css,55d61565,Nancy Shen,2025-01-31,22:46:31,-08:00,2025-01-31T22:46:31-08:00,0,0
style.css,227,css,55d61565,Nancy Shen,2025-01-31,22:46:31,-08:00,2025-01-31T22:46:31-08:00,0,15
style.css,228,css,55d61565,Nancy Shen,2025-01-31,22:46:31,-08:00,2025-01-31T22:46:31-08:00,0,18
style.css,229,css,55d61565,Nancy Shen,2025-01-31,22:46:31,-08:00,2025-01-31T22:46:31-08:00,0,16
style.css,230,css,55d61565,Nancy Shen,2025-01-31,22:46:31,-08:00,2025-01-31T22:46:31-08:00,0,0
style.css,231,css,55d61565,Nancy Shen,2025-01-31,22:46:31,-08:00,2025-01-31T22:46:31-08:00,0,0
style.css,232,css,55d61565,Nancy Shen,2025-01-31,22:46:31,-08:00,2025-01-31T22:46:31-08:00,0,18
style.css,233,css,55d61565,Nancy Shen,2025-01-31,22:46:31,-08:00,2025-01-31T22:46:31-08:00,0,15
style.css,234,css,55d61565,Nancy Shen,2025-01-31,22:46:31,-08:00,2025-01-31T22:46:31-08:00,0,17
style.css,235,css,55d61565,Nancy Shen,2025-01-31,22:46:31,-08:00,2025-01-31T22:46:31-08:00,0,19
style.css,236,css,55d61565,Nancy Shen,2025-01-31,22:46:31,-08:00,2025-01-31T22:46:31-08:00,0,0
style.css,237,css,55d61565,Nancy Shen,2025-01-31,22:46:31,-08:00,2025-01-31T22:46:31-08:00,0,0
style.css,238,css,55d61565,Nancy Shen,2025-01-31,22:46:31,-08:00,2025-01-31T22:46:31-08:00,0,18
style.css,239,css,55d61565,Nancy Shen,2025-01-31,22:46:31,-08:00,2025-01-31T22:46:31-08:00,0,13
style.css,240,css,55d61565,Nancy Shen,2025-01-31,22:46:31,-08:00,2025-01-31T22:46:31-08:00,0,65
style.css,241,css,55d61565,Nancy Shen,2025-01-31,22:46:31,-08:00,2025-01-31T22:46:31-08:00,0,18
style.css,242,css,55d61565,Nancy Shen,2025-01-31,22:46:31,-08:00,2025-01-31T22:46:31-08:00,0,9
style.css,243,css,55d61565,Nancy Shen,2025-01-31,22:46:31,-08:00,2025-01-31T22:46:31-08:00,0,16
style.css,244,css,55d61565,Nancy Shen,2025-01-31,22:46:31,-08:00,2025-01-31T22:46:31-08:00,0,14
style.css,245,css,55d61565,Nancy Shen,2025-01-31,22:46:31,-08:00,2025-01-31T22:46:31-08:00,0,0
style.css,246,css,55d61565,Nancy Shen,2025-01-31,22:46:31,-08:00,2025-01-31T22:46:31-08:00,0,0
style.css,247,css,55d61565,Nancy Shen,2025-01-31,22:46:31,-08:00,2025-01-31T22:46:31-08:00,0,18
style.css,248,css,55d61565,Nancy Shen,2025-01-31,22:46:31,-08:00,2025-01-31T22:46:31-08:00,0,15
style.css,249,css,55d61565,Nancy Shen,2025-01-31,22:46:31,-08:00,2025-01-31T22:46:31-08:00,0,17
style.css,250,css,55d61565,Nancy Shen,2025-01-31,22:46:31,-08:00,2025-01-31T22:46:31-08:00,0,11
style.css,251,css,55d61565,Nancy Shen,2025-01-31,22:46:31,-08:00,2025-01-31T22:46:31-08:00,0,25
style.css,252,css,55d61565,Nancy Shen,2025-01-31,22:46:31,-08:00,2025-01-31T22:46:31-08:00,0,52
style.css,253,css,55d61565,Nancy Shen,2025-01-31,22:46:31,-08:00,2025-01-31T22:46:31-08:00,0,0
style.css,254,css,55d61565,Nancy Shen,2025-01-31,22:46:31,-08:00,2025-01-31T22:46:31-08:00,0,0
style.css,255,css,55d61565,Nancy Shen,2025-01-31,22:46:31,-08:00,2025-01-31T22:46:31-08:00,0,18
style.css,256,css,55d61565,Nancy Shen,2025-01-31,22:46:31,-08:00,2025-01-31T22:46:31-08:00,0,15
style.css,257,css,55d61565,Nancy Shen,2025-01-31,22:46:31,-08:00,2025-01-31T22:46:31-08:00,0,17
style.css,258,css,55d61565,Nancy Shen,2025-01-31,22:46:31,-08:00,2025-01-31T22:46:31-08:00,0,9
style.css,259,css,55d61565,Nancy Shen,2025-01-31,22:46:31,-08:00,2025-01-31T22:46:31-08:00,0,53
style.css,260,css,cf3d3a71,Nancy Shen,2025-02-07,22:17:50,-08:00,2025-02-07T22:17:50-08:00,0,0
style.css,261,css,cf3d3a71,Nancy Shen,2025-02-07,22:17:50,-08:00,2025-02-07T22:17:50-08:00,0,0
style.css,262,css,cf3d3a71,Nancy Shen,2025-02-07,22:17:50,-08:00,2025-02-07T22:17:50-08:00,0,17
style.css,263,css,cf3d3a71,Nancy Shen,2025-02-07,22:17:50,-08:00,2025-02-07T22:17:50-08:00,0,13
style.css,264,css,cf3d3a71,Nancy Shen,2025-02-07,22:17:50,-08:00,2025-02-07T22:17:50-08:00,0,22
style.css,265,css,cf3d3a71,Nancy Shen,2025-02-07,22:17:50,-08:00,2025-02-07T22:17:50-08:00,0,0
style.css,266,css,cf3d3a71,Nancy Shen,2025-02-07,22:17:50,-08:00,2025-02-07T22:17:50-08:00,0,0
style.css,267,css,cf3d3a71,Nancy Shen,2025-02-07,22:17:50,-08:00,2025-02-07T22:17:50-08:00,0,14
style.css,268,css,cf3d3a71,Nancy Shen,2025-02-07,22:17:50,-08:00,2025-02-07T22:17:50-08:00,0,11
style.css,269,css,cf3d3a71,Nancy Shen,2025-02-07,22:17:50,-08:00,2025-02-07T22:17:50-08:00,0,16
style.css,270,css,cf3d3a71,Nancy Shen,2025-02-07,22:17:50,-08:00,2025-02-07T22:17:50-08:00,0,0
style.css,271,css,cf3d3a71,Nancy Shen,2025-02-07,22:17:50,-08:00,2025-02-07T22:17:50-08:00,0,0
style.css,272,css,cf3d3a71,Nancy Shen,2025-02-07,22:17:50,-08:00,2025-02-07T22:17:50-08:00,0,15
style.css,273,css,cf3d3a71,Nancy Shen,2025-02-07,22:17:50,-08:00,2025-02-07T22:17:50-08:00,0,13
style.css,274,css,cf3d3a71,Nancy Shen,2025-02-07,22:17:50,-08:00,2025-02-07T22:17:50-08:00,0,22
style.css,275,css,cf3d3a71,Nancy Shen,2025-02-07,22:17:50,-08:00,2025-02-07T22:17:50-08:00,0,19
style.css,276,css,cf3d3a71,Nancy Shen,2025-02-07,22:17:50,-08:00,2025-02-07T22:17:50-08:00,0,0
style.css,277,css,cf3d3a71,Nancy Shen,2025-02-07,22:17:50,-08:00,2025-02-07T22:17:50-08:00,0,0
style.css,278,css,cf3d3a71,Nancy Shen,2025-02-07,22:17:50,-08:00,2025-02-07T22:17:50-08:00,0,11
style.css,279,css,cf3d3a71,Nancy Shen,2025-02-07,22:17:50,-08:00,2025-02-07T22:17:50-08:00,0,13
style.css,280,css,cf3d3a71,Nancy Shen,2025-02-07,22:17:50,-08:00,2025-02-07T22:17:50-08:00,0,23
style.css,281,css,cf3d3a71,Nancy Shen,2025-02-07,22:17:50,-08:00,2025-02-07T22:17:50-08:00,0,8
style.css,282,css,cf3d3a71,Nancy Shen,2025-02-07,22:17:50,-08:00,2025-02-07T22:17:50-08:00,0,13
style.css,283,css,cf3d3a71,Nancy Shen,2025-02-07,22:17:50,-08:00,2025-02-07T22:17:50-08:00,0,11
style.css,284,css,cf3d3a71,Nancy Shen,2025-02-07,22:17:50,-08:00,2025-02-07T22:17:50-08:00,0,15
style.css,285,css,cf3d3a71,Nancy Shen,2025-02-07,22:17:50,-08:00,2025-02-07T22:17:50-08:00,0,0
style.css,286,css,cf3d3a71,Nancy Shen,2025-02-07,22:17:50,-08:00,2025-02-07T22:17:50-08:00,0,0
style.css,287,css,cf3d3a71,Nancy Shen,2025-02-07,22:17:50,-08:00,2025-02-07T22:17:50-08:00,0,19
style.css,288,css,cf3d3a71,Nancy Shen,2025-02-07,22:17:50,-08:00,2025-02-07T22:17:50-08:00,0,15
style.css,289,css,cf3d3a71,Nancy Shen,2025-02-07,22:17:50,-08:00,2025-02-07T22:17:50-08:00,0,9
style.css,290,css,cf3d3a71,Nancy Shen,2025-02-07,22:17:50,-08:00,2025-02-07T22:17:50-08:00,0,17
style.css,291,css,cf3d3a71,Nancy Shen,2025-02-07,22:17:50,-08:00,2025-02-07T22:17:50-08:00,0,15
style.css,292,css,cf3d3a71,Nancy Shen,2025-02-07,22:17:50,-08:00,2025-02-07T22:17:50-08:00,0,0
style.css,293,css,cf3d3a71,Nancy Shen,2025-02-07,22:17:50,-08:00,2025-02-07T22:17:50-08:00,0,0
style.css,294,css,cf3d3a71,Nancy Shen,2025-02-07,22:17:50,-08:00,2025-02-07T22:17:50-08:00,0,8
style.css,295,css,cf3d3a71,Nancy Shen,2025-02-07,22:17:50,-08:00,2025-02-07T22:17:50-08:00,0,16
style.css,296,css,cf3d3a71,Nancy Shen,2025-02-07,22:17:50,-08:00,2025-02-07T22:17:50-08:00,0,12
style.css,297,css,cf3d3a71,Nancy Shen,2025-02-07,22:17:50,-08:00,2025-02-07T22:17:50-08:00,0,13
style.css,298,css,cf3d3a71,Nancy Shen,2025-02-07,22:17:50,-08:00,2025-02-07T22:17:50-08:00,0,13
style.css,299,css,cf3d3a71,Nancy Shen,2025-02-07,22:17:50,-08:00,2025-02-07T22:17:50-08:00,0,15
style.css,300,css,cf3d3a71,Nancy Shen,2025-02-07,22:17:50,-08:00,2025-02-07T22:17:50-08:00,0,8
style.css,301,css,cf3d3a71,Nancy Shen,2025-02-07,22:17:50,-08:00,2025-02-07T22:17:50-08:00,0,22
style.css,302,css,cf3d3a71,Nancy Shen,2025-02-07,22:17:50,-08:00,2025-02-07T22:17:50-08:00,0,18
style.css,303,css,cf3d3a71,Nancy Shen,2025-02-07,22:17:50,-08:00,2025-02-07T22:17:50-08:00,0,15
style.css,304,css,cf3d3a71,Nancy Shen,2025-02-07,22:17:50,-08:00,2025-02-07T22:17:50-08:00,0,15
style.css,305,css,cf3d3a71,Nancy Shen,2025-02-07,22:17:50,-08:00,2025-02-07T22:17:50-08:00,0,22
style.css,306,css,cf3d3a71,Nancy Shen,2025-02-07,22:17:50,-08:00,2025-02-07T22:17:50-08:00,0,0
style.css,307,css,cf3d3a71,Nancy Shen,2025-02-07,22:17:50,-08:00,2025-02-07T22:17:50-08:00,0,0
style.css,308,css,cf3d3a71,Nancy Shen,2025-02-07,22:17:50,-08:00,2025-02-07T22:17:50-08:00,0,13
style.css,309,css,cf3d3a71,Nancy Shen,2025-02-07,22:17:50,-08:00,2025-02-07T22:17:50-08:00,0,13
style.css,310,css,cf3d3a71,Nancy Shen,2025-02-07,22:17:50,-08:00,2025-02-07T22:17:50-08:00,0,19
style.css,311,css,cf3d3a71,Nancy Shen,2025-02-07,22:17:50,-08:00,2025-02-07T22:17:50-08:00,0,10
style.css,312,css,cf3d3a71,Nancy Shen,2025-02-07,22:17:50,-08:00,2025-02-07T22:17:50-08:00,0,22
style.css,313,css,cf3d3a71,Nancy Shen,2025-02-07,22:17:50,-08:00,2025-02-07T22:17:50-08:00,0,0
style.css,314,css,cf3d3a71,Nancy Shen,2025-02-07,22:17:50,-08:00,2025-02-07T22:17:50-08:00,0,0
style.css,315,css,cf3d3a71,Nancy Shen,2025-02-07,22:17:50,-08:00,2025-02-07T22:17:50-08:00,0,8
style.css,316,css,cf3d3a71,Nancy Shen,2025-02-07,22:17:50,-08:00,2025-02-07T22:17:50-08:00,0,14
style.css,317,css,cf3d3a71,Nancy Shen,2025-02-07,22:17:50,-08:00,2025-02-07T22:17:50-08:00,0,20
style.css,318,css,cf3d3a71,Nancy Shen,2025-02-07,22:17:50,-08:00,2025-02-07T22:17:50-08:00,0,19
style.css,319,css,cf3d3a71,Nancy Shen,2025-02-07,22:17:50,-08:00,2025-02-07T22:17:50-08:00,0,23
style.css,320,css,cf3d3a71,Nancy Shen,2025-02-07,22:17:50,-08:00,2025-02-07T22:17:50-08:00,0,10
style.css,321,css,cf3d3a71,Nancy Shen,2025-02-07,22:17:50,-08:00,2025-02-07T22:17:50-08:00,0,11
style.css,322,css,cf3d3a71,Nancy Shen,2025-02-07,22:17:50,-08:00,2025-02-07T22:17:50-08:00,0,30
style.css,323,css,cf3d3a71,Nancy Shen,2025-02-07,22:17:50,-08:00,2025-02-07T22:17:50-08:00,0,18
style.css,324,css,cf3d3a71,Nancy Shen,2025-02-07,22:17:50,-08:00,2025-02-07T22:17:50-08:00,0,22
style.css,325,css,cf3d3a71,Nancy Shen,2025-02-07,22:17:50,-08:00,2025-02-07T22:17:50-08:00,0,19
style.css,326,css,cf3d3a71,Nancy Shen,2025-02-07,22:17:50,-08:00,2025-02-07T22:17:50-08:00,0,0
style.css,327,css,cf3d3a71,Nancy Shen,2025-02-07,22:17:50,-08:00,2025-02-07T22:17:50-08:00,0,0
style.css,328,css,cf3d3a71,Nancy Shen,2025-02-07,22:17:50,-08:00,2025-02-07T22:17:50-08:00,0,18
style.css,329,css,cf3d3a71,Nancy Shen,2025-02-07,22:17:50,-08:00,2025-02-07T22:17:50-08:00,0,13
style.css,330,css,cf3d3a71,Nancy Shen,2025-02-07,22:17:50,-08:00,2025-02-07T22:17:50-08:00,0,18
style.css,331,css,cf3d3a71,Nancy Shen,2025-02-07,22:17:50,-08:00,2025-02-07T22:17:50-08:00,0,0
style.css,332,css,cf3d3a71,Nancy Shen,2025-02-07,22:17:50,-08:00,2025-02-07T22:17:50-08:00,0,0
style.css,333,css,cf3d3a71,Nancy Shen,2025-02-07,22:17:50,-08:00,2025-02-07T22:17:50-08:00,0,11
style.css,334,css,cf3d3a71,Nancy Shen,2025-02-07,22:17:50,-08:00,2025-02-07T22:17:50-08:00,0,14
style.css,335,css,cf3d3a71,Nancy Shen,2025-02-07,22:17:50,-08:00,2025-02-07T22:17:50-08:00,0,11
style.css,336,css,cf3d3a71,Nancy Shen,2025-02-07,22:17:50,-08:00,2025-02-07T22:17:50-08:00,0,45
style.css,337,css,cf3d3a71,Nancy Shen,2025-02-07,22:17:50,-08:00,2025-02-07T22:17:50-08:00,0,14
style.css,338,css,cf3d3a71,Nancy Shen,2025-02-07,22:17:50,-08:00,2025-02-07T22:17:50-08:00,0,39
style.css,339,css,cf3d3a71,Nancy Shen,2025-02-07,22:17:50,-08:00,2025-02-07T22:17:50-08:00,0,45
style.css,340,css,cf3d3a71,Nancy Shen,2025-02-07,22:17:50,-08:00,2025-02-07T22:17:50-08:00,0,22
style.css,341,css,cf3d3a71,Nancy Shen,2025-02-07,22:17:50,-08:00,2025-02-07T22:17:50-08:00,0,18
style.css,342,css,cf3d3a71,Nancy Shen,2025-02-07,22:17:50,-08:00,2025-02-07T22:17:50-08:00,0,22
style.css,343,css,cf3d3a71,Nancy Shen,2025-02-07,22:17:50,-08:00,2025-02-07T22:17:50-08:00,0,0
style.css,344,css,cf3d3a71,Nancy Shen,2025-02-07,22:17:50,-08:00,2025-02-07T22:17:50-08:00,0,0
style.css,345,css,cf3d3a71,Nancy Shen,2025-02-07,22:17:50,-08:00,2025-02-07T22:17:50-08:00,0,18
style.css,346,css,cf3d3a71,Nancy Shen,2025-02-07,22:17:50,-08:00,2025-02-07T22:17:50-08:00,0,17
style.css,347,css,cf3d3a71,Nancy Shen,2025-02-07,22:17:50,-08:00,2025-02-07T22:17:50-08:00,0,12
style.css,348,css,cf3d3a71,Nancy Shen,2025-02-07,22:17:50,-08:00,2025-02-07T22:17:50-08:00,0,0
style.css,349,css,cf3d3a71,Nancy Shen,2025-02-07,22:17:50,-08:00,2025-02-07T22:17:50-08:00,0,0
style.css,350,css,cf3d3a71,Nancy Shen,2025-02-07,22:17:50,-08:00,2025-02-07T22:17:50-08:00,0,0
style.css,351,css,cf3d3a71,Nancy Shen,2025-02-07,22:17:50,-08:00,2025-02-07T22:17:50-08:00,0,5
style.css,352,css,cf3d3a71,Nancy Shen,2025-02-07,22:17:50,-08:00,2025-02-07T22:17:50-08:00,0,17
style.css,353,css,cf3d3a71,Nancy Shen,2025-02-07,22:17:50,-08:00,2025-02-07T22:17:50-08:00,0,15
style.css,354,css,cf3d3a71,Nancy Shen,2025-02-07,22:17:50,-08:00,2025-02-07T22:17:50-08:00,0,0
style.css,355,css,cf3d3a71,Nancy Shen,2025-02-07,22:17:50,-08:00,2025-02-07T22:17:50-08:00,0,0
style.css,356,css,cf3d3a71,Nancy Shen,2025-02-07,22:17:50,-08:00,2025-02-07T22:17:50-08:00,0,37
style.css,357,css,cf3d3a71,Nancy Shen,2025-02-07,22:17:50,-08:00,2025-02-07T22:17:50-08:00,0,12
style.css,358,css,cf3d3a71,Nancy Shen,2025-02-07,22:17:50,-08:00,2025-02-07T22:17:50-08:00,0,0
style.css,359,css,cf3d3a71,Nancy Shen,2025-02-07,22:17:50,-08:00,2025-02-07T22:17:50-08:00,0,0
style.css,360,css,cf3d3a71,Nancy Shen,2025-02-07,22:17:50,-08:00,2025-02-07T22:17:50-08:00,0,10
style.css,361,css,cf3d3a71,Nancy Shen,2025-02-07,22:17:50,-08:00,2025-02-07T22:17:50-08:00,0,36
style.css,362,css,cf3d3a71,Nancy Shen,2025-02-07,22:17:50,-08:00,2025-02-07T22:17:50-08:00,0,11
style.css,363,css,cf3d3a71,Nancy Shen,2025-02-07,22:17:50,-08:00,2025-02-07T22:17:50-08:00,0,18
style.css,364,css,cf3d3a71,Nancy Shen,2025-02-07,22:17:50,-08:00,2025-02-07T22:17:50-08:00,0,0
style.css,365,css,cf3d3a71,Nancy Shen,2025-02-07,22:17:50,-08:00,2025-02-07T22:17:50-08:00,0,0
style.css,366,css,cf3d3a71,Nancy Shen,2025-02-07,22:17:50,-08:00,2025-02-07T22:17:50-08:00,0,0
style.css,367,css,cf3d3a71,Nancy Shen,2025-02-07,22:17:50,-08:00,2025-02-07T22:17:50-08:00,0,0
style.css,368,css,cf3d3a71,Nancy Shen,2025-02-07,22:17:50,-08:00,2025-02-07T22:17:50-08:00,0,15
style.css,369,css,cf3d3a71,Nancy Shen,2025-02-07,22:17:50,-08:00,2025-02-07T22:17:50-08:00,0,18
style.css,370,css,cf3d3a71,Nancy Shen,2025-02-07,22:17:50,-08:00,2025-02-07T22:17:50-08:00,0,0
style.css,371,css,cf3d3a71,Nancy Shen,2025-02-07,22:17:50,-08:00,2025-02-07T22:17:50-08:00,0,0
style.css,372,css,cf3d3a71,Nancy Shen,2025-02-07,22:17:50,-08:00,2025-02-07T22:17:50-08:00,0,13
style.css,373,css,cf3d3a71,Nancy Shen,2025-02-07,22:17:50,-08:00,2025-02-07T22:17:50-08:00,0,30
style.css,374,css,55d61565,Nancy Shen,2025-01-31,22:46:31,-08:00,2025-01-31T22:46:31-08:00,0,0
index.js,1,js,55d61565,Nancy Shen,2025-01-31,22:46:31,-08:00,2025-01-31T22:46:31-08:00,0,72
index.js,2,js,55d61565,Nancy Shen,2025-01-31,22:46:31,-08:00,2025-01-31T22:46:31-08:00,0,0
index.js,3,js,55d61565,Nancy Shen,2025-01-31,22:46:31,-08:00,2025-01-31T22:46:31-08:00,0,55
index.js,4,js,55d61565,Nancy Shen,2025-01-31,22:46:31,-08:00,2025-01-31T22:46:31-08:00,0,43
index.js,5,js,55d61565,Nancy Shen,2025-01-31,22:46:31,-08:00,2025-01-31T22:46:31-08:00,0,0
index.js,6,js,55d61565,Nancy Shen,2025-01-31,22:46:31,-08:00,2025-01-31T22:46:31-08:00,0,61
index.js,7,js,55d61565,Nancy Shen,2025-01-31,22:46:31,-08:00,2025-01-31T22:46:31-08:00,0,23
index.js,8,js,55d61565,Nancy Shen,2025-01-31,22:46:31,-08:00,2025-01-31T22:46:31-08:00,0,55
index.js,9,js,55d61565,Nancy Shen,2025-01-31,22:46:31,-08:00,2025-01-31T22:46:31-08:00,0,7
index.js,10,js,55d61565,Nancy Shen,2025-01-31,22:46:31,-08:00,2025-01-31T22:46:31-08:00,0,74
index.js,11,js,55d61565,Nancy Shen,2025-01-31,22:46:31,-08:00,2025-01-31T22:46:31-08:00,0,0
index.js,12,js,55d61565,Nancy Shen,2025-01-31,22:46:31,-08:00,2025-01-31T22:46:31-08:00,0,0
index.js,13,js,55d61565,Nancy Shen,2025-01-31,22:46:31,-08:00,2025-01-31T22:46:31-08:00,0,54
index.js,14,js,55d61565,Nancy Shen,2025-01-31,22:46:31,-08:00,2025-01-31T22:46:31-08:00,0,61
index.js,15,js,55d61565,Nancy Shen,2025-01-31,22:46:31,-08:00,2025-01-31T22:46:31-08:00,0,0
index.js,16,js,55d61565,Nancy Shen,2025-01-31,22:46:31,-08:00,2025-01-31T22:46:31-08:00,0,18
index.js,17,js,55d61565,Nancy Shen,2025-01-31,22:46:31,-08:00,2025-01-31T22:46:31-08:00,0,25
index.js,18,js,55d61565,Nancy Shen,2025-01-31,22:46:31,-08:00,2025-01-31T22:46:31-08:00,0,3
index.js,19,js,55d61565,Nancy Shen,2025-01-31,22:46:31,-08:00,2025-01-31T22:46:31-08:00,0,56
index.js,20,js,55d61565,Nancy Shen,2025-01-31,22:46:31,-08:00,2025-01-31T22:46:31-08:00,0,56
index.js,21,js,55d61565,Nancy Shen,2025-01-31,22:46:31,-08:00,2025-01-31T22:46:31-08:00,0,50
index.js,22,js,55d61565,Nancy Shen,2025-01-31,22:46:31,-08:00,2025-01-31T22:46:31-08:00,0,50
index.js,23,js,55d61565,Nancy Shen,2025-01-31,22:46:31,-08:00,2025-01-31T22:46:31-08:00,0,4
index.js,24,js,55d61565,Nancy Shen,2025-01-31,22:46:31,-08:00,2025-01-31T22:46:31-08:00,0,1
index.js,25,js,55d61565,Nancy Shen,2025-01-31,22:46:31,-08:00,2025-01-31T22:46:31-08:00,0,0
index.html,1,html,1d2febc7,Nancy Shen,2025-01-17,20:20:31,-08:00,2025-01-17T20:20:31-08:00,0,14
index.html,2,html,d0cd7225,Nancy Shen,2025-01-25,19:30:46,-08:00,2025-01-25T19:30:46-08:00,0,28
index.html,3,html,1d2febc7,Nancy Shen,2025-01-17,20:20:31,-08:00,2025-01-17T20:20:31-08:00,0,5
index.html,4,html,1d2febc7,Nancy Shen,2025-01-17,20:20:31,-08:00,2025-01-17T20:20:31-08:00,0,21
index.html,5,html,1d2febc7,Nancy Shen,2025-01-17,20:20:31,-08:00,2025-01-17T20:20:31-08:00,0,69
index.html,6,html,1d2febc7,Nancy Shen,2025-01-17,20:20:31,-08:00,2025-01-17T20:20:31-08:00,0,53
index.html,7,html,d48aa518,Nancy Shen,2025-01-17,20:38:24,-08:00,2025-01-17T20:38:24-08:00,0,39
index.html,8,html,d0cd7225,Nancy Shen,2025-01-25,19:30:46,-08:00,2025-01-25T19:30:46-08:00,0,46
index.html,9,html,1d2febc7,Nancy Shen,2025-01-17,20:20:31,-08:00,2025-01-17T20:20:31-08:00,0,6
index.html,10,html,1d2febc7,Nancy Shen,2025-01-17,20:20:31,-08:00,2025-01-17T20:20:31-08:00,0,5
index.html,11,html,50e0864b,Nancy Shen,2025-01-18,20:38:48,-08:00,2025-01-18T20:38:48-08:00,0,18
index.html,12,html,50e0864b,Nancy Shen,2025-01-18,20:38:48,-08:00,2025-01-18T20:38:48-08:00,0,43
index.html,13,html,50e0864b,Nancy Shen,2025-01-18,20:38:48,-08:00,2025-01-18T20:38:48-08:00,0,144
index.html,14,html,cf3d3a71,Nancy Shen,2025-02-07,22:17:50,-08:00,2025-02-07T22:17:50-08:00,0,0
index.html,15,html,55d61565,Nancy Shen,2025-01-31,22:46:31,-08:00,2025-01-31T22:46:31-08:00,0,23
index.html,16,html,cf3d3a71,Nancy Shen,2025-02-07,22:17:50,-08:00,2025-02-07T22:17:50-08:00,0,0
index.html,17,html,cf3d3a71,Nancy Shen,2025-02-07,22:17:50,-08:00,2025-02-07T22:17:50-08:00,0,30
index.html,18,html,55d61565,Nancy Shen,2025-01-31,22:46:31,-08:00,2025-01-31T22:46:31-08:00,0,21
index.html,19,html,55d61565,Nancy Shen,2025-01-31,22:46:31,-08:00,2025-01-31T22:46:31-08:00,0,50
index.html,20,html,55d61565,Nancy Shen,2025-01-31,22:46:31,-08:00,2025-01-31T22:46:31-08:00,0,5
index.html,21,html,cf3d3a71,Nancy Shen,2025-02-07,22:17:50,-08:00,2025-02-07T22:17:50-08:00,0,0
index.html,22,html,55d61565,Nancy Shen,2025-01-31,22:46:31,-08:00,2025-01-31T22:46:31-08:00,0,22
index.html,23,html,55d61565,Nancy Shen,2025-01-31,22:46:31,-08:00,2025-01-31T22:46:31-08:00,0,26
index.html,24,html,55d61565,Nancy Shen,2025-01-31,22:46:31,-08:00,2025-01-31T22:46:31-08:00,0,42
index.html,25,html,55d61565,Nancy Shen,2025-01-31,22:46:31,-08:00,2025-01-31T22:46:31-08:00,0,5
index.html,26,html,55d61565,Nancy Shen,2025-01-31,22:46:31,-08:00,2025-01-31T22:46:31-08:00,0,0
index.html,27,html,55d61565,Nancy Shen,2025-01-31,22:46:31,-08:00,2025-01-31T22:46:31-08:00,0,46
index.html,28,html,55d61565,Nancy Shen,2025-01-31,22:46:31,-08:00,2025-01-31T22:46:31-08:00,0,51
index.html,29,html,1d2febc7,Nancy Shen,2025-01-17,20:20:31,-08:00,2025-01-17T20:20:31-08:00,0,6
index.html,30,html,cf3d3a71,Nancy Shen,2025-02-07,22:17:50,-08:00,2025-02-07T22:17:50-08:00,0,6
global.js,1,js,d0cd7225,Nancy Shen,2025-01-25,19:30:46,-08:00,2025-01-25T19:30:46-08:00,0,26
global.js,2,js,d0cd7225,Nancy Shen,2025-01-25,19:30:46,-08:00,2025-01-25T19:30:46-08:00,0,0
global.js,3,js,d0cd7225,Nancy Shen,2025-01-25,19:30:46,-08:00,2025-01-25T19:30:46-08:00,0,42
global.js,4,js,d0cd7225,Nancy Shen,2025-01-25,19:30:46,-08:00,2025-01-25T19:30:46-08:00,0,53
global.js,5,js,d0cd7225,Nancy Shen,2025-01-25,19:30:46,-08:00,2025-01-25T19:30:46-08:00,0,0
global.js,6,js,d0cd7225,Nancy Shen,2025-01-25,19:30:46,-08:00,2025-01-25T19:30:46-08:00,0,0
global.js,7,js,d0cd7225,Nancy Shen,2025-01-25,19:30:46,-08:00,2025-01-25T19:30:46-08:00,0,71
global.js,8,js,d0cd7225,Nancy Shen,2025-01-25,19:30:46,-08:00,2025-01-25T19:30:46-08:00,0,0
global.js,9,js,d0cd7225,Nancy Shen,2025-01-25,19:30:46,-08:00,2025-01-25T19:30:46-08:00,0,20
global.js,10,js,d0cd7225,Nancy Shen,2025-01-25,19:30:46,-08:00,2025-01-25T19:30:46-08:00,0,12
global.js,11,js,d0cd7225,Nancy Shen,2025-01-25,19:30:46,-08:00,2025-01-25T19:30:46-08:00,0,26
global.js,12,js,d0cd7225,Nancy Shen,2025-01-25,19:30:46,-08:00,2025-01-25T19:30:46-08:00,0,39
global.js,13,js,d0cd7225,Nancy Shen,2025-01-25,19:30:46,-08:00,2025-01-25T19:30:46-08:00,0,31
global.js,14,js,d0cd7225,Nancy Shen,2025-01-25,19:30:46,-08:00,2025-01-25T19:30:46-08:00,0,37
global.js,15,js,d0cd7225,Nancy Shen,2025-01-25,19:30:46,-08:00,2025-01-25T19:30:46-08:00,0,57
global.js,16,js,d0cd7225,Nancy Shen,2025-01-25,19:30:46,-08:00,2025-01-25T19:30:46-08:00,0,1
global.js,17,js,d0cd7225,Nancy Shen,2025-01-25,19:30:46,-08:00,2025-01-25T19:30:46-08:00,0,0
global.js,18,js,d0cd7225,Nancy Shen,2025-01-25,19:30:46,-08:00,2025-01-25T19:30:46-08:00,0,39
global.js,19,js,d0cd7225,Nancy Shen,2025-01-25,19:30:46,-08:00,2025-01-25T19:30:46-08:00,0,0
global.js,20,js,d0cd7225,Nancy Shen,2025-01-25,19:30:46,-08:00,2025-01-25T19:30:46-08:00,0,21
global.js,21,js,d0cd7225,Nancy Shen,2025-01-25,19:30:46,-08:00,2025-01-25T19:30:46-08:00,0,15
global.js,22,js,d0cd7225,Nancy Shen,2025-01-25,19:30:46,-08:00,2025-01-25T19:30:46-08:00,0,19
global.js,23,js,d0cd7225,Nancy Shen,2025-01-25,19:30:46,-08:00,2025-01-25T19:30:46-08:00,0,0
global.js,24,js,d0cd7225,Nancy Shen,2025-01-25,19:30:46,-08:00,2025-01-25T19:30:46-08:00,0,65
global.js,25,js,d0cd7225,Nancy Shen,2025-01-25,19:30:46,-08:00,2025-01-25T19:30:46-08:00,0,0
global.js,26,js,d0cd7225,Nancy Shen,2025-01-25,19:30:46,-08:00,2025-01-25T19:30:46-08:00,0,35
global.js,27,js,d0cd7225,Nancy Shen,2025-01-25,19:30:46,-08:00,2025-01-25T19:30:46-08:00,0,12
global.js,28,js,d0cd7225,Nancy Shen,2025-01-25,19:30:46,-08:00,2025-01-25T19:30:46-08:00,0,21
global.js,29,js,d0cd7225,Nancy Shen,2025-01-25,19:30:46,-08:00,2025-01-25T19:30:46-08:00,0,0
global.js,30,js,d0cd7225,Nancy Shen,2025-01-25,19:30:46,-08:00,2025-01-25T19:30:46-08:00,0,66
global.js,31,js,d0cd7225,Nancy Shen,2025-01-25,19:30:46,-08:00,2025-01-25T19:30:46-08:00,0,26
global.js,32,js,d0cd7225,Nancy Shen,2025-01-25,19:30:46,-08:00,2025-01-25T19:30:46-08:00,0,0
global.js,33,js,d0cd7225,Nancy Shen,2025-01-25,19:30:46,-08:00,2025-01-25T19:30:46-08:00,0,0
global.js,34,js,d0cd7225,Nancy Shen,2025-01-25,19:30:46,-08:00,2025-01-25T19:30:46-08:00,0,30
global.js,35,js,d0cd7225,Nancy Shen,2025-01-25,19:30:46,-08:00,2025-01-25T19:30:46-08:00,0,19
global.js,36,js,d0cd7225,Nancy Shen,2025-01-25,19:30:46,-08:00,2025-01-25T19:30:46-08:00,0,0
global.js,37,js,d0cd7225,Nancy Shen,2025-01-25,19:30:46,-08:00,2025-01-25T19:30:46-08:00,0,0
global.js,38,js,d0cd7225,Nancy Shen,2025-01-25,19:30:46,-08:00,2025-01-25T19:30:46-08:00,0,13
global.js,39,js,d0cd7225,Nancy Shen,2025-01-25,19:30:46,-08:00,2025-01-25T19:30:46-08:00,0,0
global.js,40,js,d0cd7225,Nancy Shen,2025-01-25,19:30:46,-08:00,2025-01-25T19:30:46-08:00,0,0
global.js,41,js,d0cd7225,Nancy Shen,2025-01-25,19:30:46,-08:00,2025-01-25T19:30:46-08:00,0,26
global.js,42,js,d0cd7225,Nancy Shen,2025-01-25,19:30:46,-08:00,2025-01-25T19:30:46-08:00,0,0
global.js,43,js,d0cd7225,Nancy Shen,2025-01-25,19:30:46,-08:00,2025-01-25T19:30:46-08:00,0,37
global.js,44,js,d0cd7225,Nancy Shen,2025-01-25,19:30:46,-08:00,2025-01-25T19:30:46-08:00,0,71
global.js,45,js,d0cd7225,Nancy Shen,2025-01-25,19:30:46,-08:00,2025-01-25T19:30:46-08:00,0,38
global.js,46,js,d0cd7225,Nancy Shen,2025-01-25,19:30:46,-08:00,2025-01-25T19:30:46-08:00,0,0
global.js,47,js,d0cd7225,Nancy Shen,2025-01-25,19:30:46,-08:00,2025-01-25T19:30:46-08:00,0,0
global.js,48,js,d0cd7225,Nancy Shen,2025-01-25,19:30:46,-08:00,2025-01-25T19:30:46-08:00,0,32
global.js,49,js,d0cd7225,Nancy Shen,2025-01-25,19:30:46,-08:00,2025-01-25T19:30:46-08:00,0,12
global.js,50,js,d0cd7225,Nancy Shen,2025-01-25,19:30:46,-08:00,2025-01-25T19:30:46-08:00,0,0
global.js,51,js,d0cd7225,Nancy Shen,2025-01-25,19:30:46,-08:00,2025-01-25T19:30:46-08:00,0,27
global.js,52,js,d0cd7225,Nancy Shen,2025-01-25,19:30:46,-08:00,2025-01-25T19:30:46-08:00,0,5
global.js,53,js,d0cd7225,Nancy Shen,2025-01-25,19:30:46,-08:00,2025-01-25T19:30:46-08:00,0,7
global.js,54,js,d0cd7225,Nancy Shen,2025-01-25,19:30:46,-08:00,2025-01-25T19:30:46-08:00,0,67
global.js,55,js,d0cd7225,Nancy Shen,2025-01-25,19:30:46,-08:00,2025-01-25T19:30:46-08:00,0,53
global.js,56,js,d0cd7225,Nancy Shen,2025-01-25,19:30:46,-08:00,2025-01-25T19:30:46-08:00,0,35
global.js,57,js,d0cd7225,Nancy Shen,2025-01-25,19:30:46,-08:00,2025-01-25T19:30:46-08:00,0,33
global.js,58,js,d0cd7225,Nancy Shen,2025-01-25,19:30:46,-08:00,2025-01-25T19:30:46-08:00,0,8
global.js,59,js,d0cd7225,Nancy Shen,2025-01-25,19:30:46,-08:00,2025-01-25T19:30:46-08:00,0,7
global.js,60,js,d0cd7225,Nancy Shen,2025-01-25,19:30:46,-08:00,2025-01-25T19:30:46-08:00,0,0
global.js,61,js,d0cd7225,Nancy Shen,2025-01-25,19:30:46,-08:00,2025-01-25T19:30:46-08:00,0,1
global.js,62,js,d0cd7225,Nancy Shen,2025-01-25,19:30:46,-08:00,2025-01-25T19:30:46-08:00,0,0
global.js,63,js,d0cd7225,Nancy Shen,2025-01-25,19:30:46,-08:00,2025-01-25T19:30:46-08:00,0,61
global.js,64,js,d0cd7225,Nancy Shen,2025-01-25,19:30:46,-08:00,2025-01-25T19:30:46-08:00,0,0
global.js,65,js,d0cd7225,Nancy Shen,2025-01-25,19:30:46,-08:00,2025-01-25T19:30:46-08:00,0,0
global.js,66,js,d0cd7225,Nancy Shen,2025-01-25,19:30:46,-08:00,2025-01-25T19:30:46-08:00,0,35
global.js,67,js,d0cd7225,Nancy Shen,2025-01-25,19:30:46,-08:00,2025-01-25T19:30:46-08:00,0,39
global.js,68,js,d0cd7225,Nancy Shen,2025-01-25,19:30:46,-08:00,2025-01-25T19:30:46-08:00,0,84
global.js,69,js,d0cd7225,Nancy Shen,2025-01-25,19:30:46,-08:00,2025-01-25T19:30:46-08:00,0,7
global.js,70,js,d0cd7225,Nancy Shen,2025-01-25,19:30:46,-08:00,2025-01-25T19:30:46-08:00,0,27
global.js,71,js,d0cd7225,Nancy Shen,2025-01-25,19:30:46,-08:00,2025-01-25T19:30:46-08:00,0,0
global.js,72,js,d0cd7225,Nancy Shen,2025-01-25,19:30:46,-08:00,2025-01-25T19:30:46-08:00,0,0
global.js,73,js,d0cd7225,Nancy Shen,2025-01-25,19:30:46,-08:00,2025-01-25T19:30:46-08:00,0,50
global.js,74,js,d0cd7225,Nancy Shen,2025-01-25,19:30:46,-08:00,2025-01-25T19:30:46-08:00,0,34
global.js,75,js,55d61565,Nancy Shen,2025-01-31,22:46:31,-08:00,2025-01-31T22:46:31-08:00,0,2
global.js,76,js,55d61565,Nancy Shen,2025-01-31,22:46:31,-08:00,2025-01-31T22:46:31-08:00,0,0
global.js,77,js,55d61565,Nancy Shen,2025-01-31,22:46:31,-08:00,2025-01-31T22:46:31-08:00,0,37
global.js,78,js,55d61565,Nancy Shen,2025-01-31,22:46:31,-08:00,2025-01-31T22:46:31-08:00,0,4
global.js,79,js,55d61565,Nancy Shen,2025-01-31,22:46:31,-08:00,2025-01-31T22:46:31-08:00,0,33
global.js,80,js,55d61565,Nancy Shen,2025-01-31,22:46:31,-08:00,2025-01-31T22:46:31-08:00,0,18
global.js,81,js,55d61565,Nancy Shen,2025-01-31,22:46:31,-08:00,2025-01-31T22:46:31-08:00,0,67
global.js,82,js,55d61565,Nancy Shen,2025-01-31,22:46:31,-08:00,2025-01-31T22:46:31-08:00,0,0
global.js,83,js,55d61565,Nancy Shen,2025-01-31,22:46:31,-08:00,2025-01-31T22:46:31-08:00,0,28
global.js,84,js,55d61565,Nancy Shen,2025-01-31,22:46:31,-08:00,2025-01-31T22:46:31-08:00,0,16
global.js,85,js,55d61565,Nancy Shen,2025-01-31,22:46:31,-08:00,2025-01-31T22:46:31-08:00,0,60
global.js,86,js,55d61565,Nancy Shen,2025-01-31,22:46:31,-08:00,2025-01-31T22:46:31-08:00,0,9
global.js,87,js,55d61565,Nancy Shen,2025-01-31,22:46:31,-08:00,2025-01-31T22:46:31-08:00,0,0
global.js,88,js,55d61565,Nancy Shen,2025-01-31,22:46:31,-08:00,2025-01-31T22:46:31-08:00,0,0
global.js,89,js,55d61565,Nancy Shen,2025-01-31,22:46:31,-08:00,2025-01-31T22:46:31-08:00,0,0
global.js,90,js,55d61565,Nancy Shen,2025-01-31,22:46:31,-08:00,2025-01-31T22:46:31-08:00,0,80
global.js,91,js,55d61565,Nancy Shen,2025-01-31,22:46:31,-08:00,2025-01-31T22:46:31-08:00,0,23
global.js,92,js,55d61565,Nancy Shen,2025-01-31,22:46:31,-08:00,2025-01-31T22:46:31-08:00,0,52
global.js,93,js,55d61565,Nancy Shen,2025-01-31,22:46:31,-08:00,2025-01-31T22:46:31-08:00,0,6
global.js,94,js,55d61565,Nancy Shen,2025-01-31,22:46:31,-08:00,2025-01-31T22:46:31-08:00,0,0
global.js,95,js,55d61565,Nancy Shen,2025-01-31,22:46:31,-08:00,2025-01-31T22:46:31-08:00,0,0
global.js,96,js,55d61565,Nancy Shen,2025-01-31,22:46:31,-08:00,2025-01-31T22:46:31-08:00,0,31
global.js,97,js,55d61565,Nancy Shen,2025-01-31,22:46:31,-08:00,2025-01-31T22:46:31-08:00,0,0
global.js,98,js,55d61565,Nancy Shen,2025-01-31,22:46:31,-08:00,2025-01-31T22:46:31-08:00,0,27
global.js,99,js,55d61565,Nancy Shen,2025-01-31,22:46:31,-08:00,2025-01-31T22:46:31-08:00,0,60
global.js,100,js,55d61565,Nancy Shen,2025-01-31,22:46:31,-08:00,2025-01-31T22:46:31-08:00,0,6
global.js,101,js,55d61565,Nancy Shen,2025-01-31,22:46:31,-08:00,2025-01-31T22:46:31-08:00,0,0
global.js,102,js,55d61565,Nancy Shen,2025-01-31,22:46:31,-08:00,2025-01-31T22:46:31-08:00,0,0
global.js,103,js,55d61565,Nancy Shen,2025-01-31,22:46:31,-08:00,2025-01-31T22:46:31-08:00,0,28
global.js,104,js,55d61565,Nancy Shen,2025-01-31,22:46:31,-08:00,2025-01-31T22:46:31-08:00,0,49
global.js,105,js,55d61565,Nancy Shen,2025-01-31,22:46:31,-08:00,2025-01-31T22:46:31-08:00,0,20
global.js,106,js,55d61565,Nancy Shen,2025-01-31,22:46:31,-08:00,2025-01-31T22:46:31-08:00,0,50
global.js,107,js,55d61565,Nancy Shen,2025-01-31,22:46:31,-08:00,2025-01-31T22:46:31-08:00,0,50
global.js,108,js,cf3d3a71,Nancy Shen,2025-02-07,22:17:50,-08:00,2025-02-07T22:17:50-08:00,0,28
global.js,109,js,cf3d3a71,Nancy Shen,2025-02-07,22:17:50,-08:00,2025-02-07T22:17:50-08:00,0,28
global.js,110,js,cf3d3a71,Nancy Shen,2025-02-07,22:17:50,-08:00,2025-02-07T22:17:50-08:00,0,57
global.js,111,js,cf3d3a71,Nancy Shen,2025-02-07,22:17:50,-08:00,2025-02-07T22:17:50-08:00,0,5
global.js,112,js,55d61565,Nancy Shen,2025-01-31,22:46:31,-08:00,2025-01-31T22:46:31-08:00,0,1
global.js,113,js,55d61565,Nancy Shen,2025-01-31,22:46:31,-08:00,2025-01-31T22:46:31-08:00,0,37
global.js,114,js,55d61565,Nancy Shen,2025-01-31,22:46:31,-08:00,2025-01-31T22:46:31-08:00,0,2
global.js,115,js,55d61565,Nancy Shen,2025-01-31,22:46:31,-08:00,2025-01-31T22:46:31-08:00,0,0
global.js,116,js,55d61565,Nancy Shen,2025-01-31,22:46:31,-08:00,2025-01-31T22:46:31-08:00,0,0
global.js,117,js,55d61565,Nancy Shen,2025-01-31,22:46:31,-08:00,2025-01-31T22:46:31-08:00,0,48
global.js,118,js,55d61565,Nancy Shen,2025-01-31,22:46:31,-08:00,2025-01-31T22:46:31-08:00,0,60
global.js,119,js,55d61565,Nancy Shen,2025-01-31,22:46:31,-08:00,2025-01-31T22:46:31-08:00,0,0
projects/projects.js,1,js,55d61565,Nancy Shen,2025-01-31,22:46:31,-08:00,2025-01-31T22:46:31-08:00,0,56
projects/projects.js,2,js,cf3d3a71,Nancy Shen,2025-02-07,22:17:50,-08:00,2025-02-07T22:17:50-08:00,0,64
projects/projects.js,3,js,55d61565,Nancy Shen,2025-01-31,22:46:31,-08:00,2025-01-31T22:46:31-08:00,0,0
projects/projects.js,4,js,cf3d3a71,Nancy Shen,2025-02-07,22:17:50,-08:00,2025-02-07T22:17:50-08:00,0,20
projects/projects.js,5,js,cf3d3a71,Nancy Shen,2025-02-07,22:17:50,-08:00,2025-02-07T22:17:50-08:00,0,56
projects/projects.js,6,js,cf3d3a71,Nancy Shen,2025-02-07,22:17:50,-08:00,2025-02-07T22:17:50-08:00,0,61
projects/projects.js,7,js,cf3d3a71,Nancy Shen,2025-02-07,22:17:50,-08:00,2025-02-07T22:17:50-08:00,0,49
projects/projects.js,8,js,cf3d3a71,Nancy Shen,2025-02-07,22:17:50,-08:00,2025-02-07T22:17:50-08:00,0,0
projects/projects.js,9,js,cf3d3a71,Nancy Shen,2025-02-07,22:17:50,-08:00,2025-02-07T22:17:50-08:00,0,53
projects/projects.js,10,js,cf3d3a71,Nancy Shen,2025-02-07,22:17:50,-08:00,2025-02-07T22:17:50-08:00,0,35
projects/projects.js,11,js,cf3d3a71,Nancy Shen,2025-02-07,22:17:50,-08:00,2025-02-07T22:17:50-08:00,0,45
projects/projects.js,12,js,cf3d3a71,Nancy Shen,2025-02-07,22:17:50,-08:00,2025-02-07T22:17:50-08:00,0,23
projects/projects.js,13,js,cf3d3a71,Nancy Shen,2025-02-07,22:17:50,-08:00,2025-02-07T22:17:50-08:00,0,0
projects/projects.js,14,js,cf3d3a71,Nancy Shen,2025-02-07,22:17:50,-08:00,2025-02-07T22:17:50-08:00,0,22
projects/projects.js,15,js,cf3d3a71,Nancy Shen,2025-02-07,22:17:50,-08:00,2025-02-07T22:17:50-08:00,0,14
projects/projects.js,16,js,cf3d3a71,Nancy Shen,2025-02-07,22:17:50,-08:00,2025-02-07T22:17:50-08:00,0,0
projects/projects.js,17,js,cf3d3a71,Nancy Shen,2025-02-07,22:17:50,-08:00,2025-02-07T22:17:50-08:00,0,45
projects/projects.js,18,js,cf3d3a71,Nancy Shen,2025-02-07,22:17:50,-08:00,2025-02-07T22:17:50-08:00,0,39
projects/projects.js,19,js,cf3d3a71,Nancy Shen,2025-02-07,22:17:50,-08:00,2025-02-07T22:17:50-08:00,0,39
projects/projects.js,20,js,cf3d3a71,Nancy Shen,2025-02-07,22:17:50,-08:00,2025-02-07T22:17:50-08:00,0,26
projects/projects.js,21,js,cf3d3a71,Nancy Shen,2025-02-07,22:17:50,-08:00,2025-02-07T22:17:50-08:00,0,30
projects/projects.js,22,js,cf3d3a71,Nancy Shen,2025-02-07,22:17:50,-08:00,2025-02-07T22:17:50-08:00,0,33
projects/projects.js,23,js,cf3d3a71,Nancy Shen,2025-02-07,22:17:50,-08:00,2025-02-07T22:17:50-08:00,0,31
projects/projects.js,24,js,cf3d3a71,Nancy Shen,2025-02-07,22:17:50,-08:00,2025-02-07T22:17:50-08:00,0,0
projects/projects.js,25,js,cf3d3a71,Nancy Shen,2025-02-07,22:17:50,-08:00,2025-02-07T22:17:50-08:00,0,26
projects/projects.js,26,js,cf3d3a71,Nancy Shen,2025-02-07,22:17:50,-08:00,2025-02-07T22:17:50-08:00,0,30
projects/projects.js,27,js,cf3d3a71,Nancy Shen,2025-02-07,22:17:50,-08:00,2025-02-07T22:17:50-08:00,0,13
projects/projects.js,28,js,cf3d3a71,Nancy Shen,2025-02-07,22:17:50,-08:00,2025-02-07T22:17:50-08:00,0,15
projects/projects.js,29,js,cf3d3a71,Nancy Shen,2025-02-07,22:17:50,-08:00,2025-02-07T22:17:50-08:00,0,13
projects/projects.js,30,js,cf3d3a71,Nancy Shen,2025-02-07,22:17:50,-08:00,2025-02-07T22:17:50-08:00,0,1
projects/projects.js,31,js,cf3d3a71,Nancy Shen,2025-02-07,22:17:50,-08:00,2025-02-07T22:17:50-08:00,0,0
projects/projects.js,32,js,cf3d3a71,Nancy Shen,2025-02-07,22:17:50,-08:00,2025-02-07T22:17:50-08:00,0,19
projects/projects.js,33,js,cf3d3a71,Nancy Shen,2025-02-07,22:17:50,-08:00,2025-02-07T22:17:50-08:00,0,51
projects/projects.js,34,js,cf3d3a71,Nancy Shen,2025-02-07,22:17:50,-08:00,2025-02-07T22:17:50-08:00,0,36
projects/projects.js,35,js,cf3d3a71,Nancy Shen,2025-02-07,22:17:50,-08:00,2025-02-07T22:17:50-08:00,0,2
projects/projects.js,36,js,cf3d3a71,Nancy Shen,2025-02-07,22:17:50,-08:00,2025-02-07T22:17:50-08:00,0,0
projects/projects.js,37,js,cf3d3a71,Nancy Shen,2025-02-07,22:17:50,-08:00,2025-02-07T22:17:50-08:00,0,51
projects/projects.js,38,js,cf3d3a71,Nancy Shen,2025-02-07,22:17:50,-08:00,2025-02-07T22:17:50-08:00,0,58
projects/projects.js,39,js,cf3d3a71,Nancy Shen,2025-02-07,22:17:50,-08:00,2025-02-07T22:17:50-08:00,0,51
projects/projects.js,40,js,cf3d3a71,Nancy Shen,2025-02-07,22:17:50,-08:00,2025-02-07T22:17:50-08:00,0,37
projects/projects.js,41,js,cf3d3a71,Nancy Shen,2025-02-07,22:17:50,-08:00,2025-02-07T22:17:50-08:00,0,46
projects/projects.js,42,js,cf3d3a71,Nancy Shen,2025-02-07,22:17:50,-08:00,2025-02-07T22:17:50-08:00,0,0
projects/projects.js,43,js,cf3d3a71,Nancy Shen,2025-02-07,22:17:50,-08:00,2025-02-07T22:17:50-08:00,0,25
projects/projects.js,44,js,cf3d3a71,Nancy Shen,2025-02-07,22:17:50,-08:00,2025-02-07T22:17:50-08:00,0,17
projects/projects.js,45,js,cf3d3a71,Nancy Shen,2025-02-07,22:17:50,-08:00,2025-02-07T22:17:50-08:00,0,14
projects/projects.js,46,js,cf3d3a71,Nancy Shen,2025-02-07,22:17:50,-08:00,2025-02-07T22:17:50-08:00,0,42
projects/projects.js,47,js,cf3d3a71,Nancy Shen,2025-02-07,22:17:50,-08:00,2025-02-07T22:17:50-08:00,0,52
projects/projects.js,48,js,cf3d3a71,Nancy Shen,2025-02-07,22:17:50,-08:00,2025-02-07T22:17:50-08:00,0,19
projects/projects.js,49,js,cf3d3a71,Nancy Shen,2025-02-07,22:17:50,-08:00,2025-02-07T22:17:50-08:00,0,44
projects/projects.js,50,js,cf3d3a71,Nancy Shen,2025-02-07,22:17:50,-08:00,2025-02-07T22:17:50-08:00,0,17
projects/projects.js,51,js,cf3d3a71,Nancy Shen,2025-02-07,22:17:50,-08:00,2025-02-07T22:17:50-08:00,0,2
projects/projects.js,52,js,cf3d3a71,Nancy Shen,2025-02-07,22:17:50,-08:00,2025-02-07T22:17:50-08:00,0,2
projects/projects.js,53,js,cf3d3a71,Nancy Shen,2025-02-07,22:17:50,-08:00,2025-02-07T22:17:50-08:00,0,0
projects/projects.js,54,js,cf3d3a71,Nancy Shen,2025-02-07,22:17:50,-08:00,2025-02-07T22:17:50-08:00,0,15
projects/projects.js,55,js,cf3d3a71,Nancy Shen,2025-02-07,22:17:50,-08:00,2025-02-07T22:17:50-08:00,0,28
projects/projects.js,56,js,cf3d3a71,Nancy Shen,2025-02-07,22:17:50,-08:00,2025-02-07T22:17:50-08:00,0,18
projects/projects.js,57,js,cf3d3a71,Nancy Shen,2025-02-07,22:17:50,-08:00,2025-02-07T22:17:50-08:00,0,47
projects/projects.js,58,js,cf3d3a71,Nancy Shen,2025-02-07,22:17:50,-08:00,2025-02-07T22:17:50-08:00,0,54
projects/projects.js,59,js,cf3d3a71,Nancy Shen,2025-02-07,22:17:50,-08:00,2025-02-07T22:17:50-08:00,0,69
projects/projects.js,60,js,cf3d3a71,Nancy Shen,2025-02-07,22:17:50,-08:00,2025-02-07T22:17:50-08:00,0,19
projects/projects.js,61,js,cf3d3a71,Nancy Shen,2025-02-07,22:17:50,-08:00,2025-02-07T22:17:50-08:00,0,48
projects/projects.js,62,js,cf3d3a71,Nancy Shen,2025-02-07,22:17:50,-08:00,2025-02-07T22:17:50-08:00,0,17
projects/projects.js,63,js,cf3d3a71,Nancy Shen,2025-02-07,22:17:50,-08:00,2025-02-07T22:17:50-08:00,0,2
projects/projects.js,64,js,cf3d3a71,Nancy Shen,2025-02-07,22:17:50,-08:00,2025-02-07T22:17:50-08:00,0,2
projects/projects.js,65,js,cf3d3a71,Nancy Shen,2025-02-07,22:17:50,-08:00,2025-02-07T22:17:50-08:00,0,0
projects/projects.js,66,js,cf3d3a71,Nancy Shen,2025-02-07,22:17:50,-08:00,2025-02-07T22:17:50-08:00,0,0
projects/projects.js,67,js,cf3d3a71,Nancy Shen,2025-02-07,22:17:50,-08:00,2025-02-07T22:17:50-08:00,0,40
projects/projects.js,68,js,cf3d3a71,Nancy Shen,2025-02-07,22:17:50,-08:00,2025-02-07T22:17:50-08:00,0,27
projects/projects.js,69,js,cf3d3a71,Nancy Shen,2025-02-07,22:17:50,-08:00,2025-02-07T22:17:50-08:00,0,26
projects/projects.js,70,js,cf3d3a71,Nancy Shen,2025-02-07,22:17:50,-08:00,2025-02-07T22:17:50-08:00,0,20
projects/projects.js,71,js,cf3d3a71,Nancy Shen,2025-02-07,22:17:50,-08:00,2025-02-07T22:17:50-08:00,0,69
projects/projects.js,72,js,cf3d3a71,Nancy Shen,2025-02-07,22:17:50,-08:00,2025-02-07T22:17:50-08:00,0,0
projects/projects.js,73,js,cf3d3a71,Nancy Shen,2025-02-07,22:17:50,-08:00,2025-02-07T22:17:50-08:00,0,33
projects/projects.js,74,js,cf3d3a71,Nancy Shen,2025-02-07,22:17:50,-08:00,2025-02-07T22:17:50-08:00,0,21
projects/projects.js,75,js,cf3d3a71,Nancy Shen,2025-02-07,22:17:50,-08:00,2025-02-07T22:17:50-08:00,0,69
projects/projects.js,76,js,cf3d3a71,Nancy Shen,2025-02-07,22:17:50,-08:00,2025-02-07T22:17:50-08:00,0,0
projects/projects.js,77,js,cf3d3a71,Nancy Shen,2025-02-07,22:17:50,-08:00,2025-02-07T22:17:50-08:00,0,36
projects/projects.js,78,js,cf3d3a71,Nancy Shen,2025-02-07,22:17:50,-08:00,2025-02-07T22:17:50-08:00,0,20
projects/projects.js,79,js,cf3d3a71,Nancy Shen,2025-02-07,22:17:50,-08:00,2025-02-07T22:17:50-08:00,0,26
projects/projects.js,80,js,cf3d3a71,Nancy Shen,2025-02-07,22:17:50,-08:00,2025-02-07T22:17:50-08:00,0,44
projects/projects.js,81,js,cf3d3a71,Nancy Shen,2025-02-07,22:17:50,-08:00,2025-02-07T22:17:50-08:00,0,62
projects/projects.js,82,js,cf3d3a71,Nancy Shen,2025-02-07,22:17:50,-08:00,2025-02-07T22:17:50-08:00,0,1
projects/projects.js,83,js,cf3d3a71,Nancy Shen,2025-02-07,22:17:50,-08:00,2025-02-07T22:17:50-08:00,0,7
projects/projects.js,84,js,cf3d3a71,Nancy Shen,2025-02-07,22:17:50,-08:00,2025-02-07T22:17:50-08:00,0,85
projects/projects.js,85,js,cf3d3a71,Nancy Shen,2025-02-07,22:17:50,-08:00,2025-02-07T22:17:50-08:00,0,44
projects/projects.js,86,js,cf3d3a71,Nancy Shen,2025-02-07,22:17:50,-08:00,2025-02-07T22:17:50-08:00,0,31
projects/projects.js,87,js,cf3d3a71,Nancy Shen,2025-02-07,22:17:50,-08:00,2025-02-07T22:17:50-08:00,0,62
projects/projects.js,88,js,cf3d3a71,Nancy Shen,2025-02-07,22:17:50,-08:00,2025-02-07T22:17:50-08:00,0,1
projects/projects.js,89,js,cf3d3a71,Nancy Shen,2025-02-07,22:17:50,-08:00,2025-02-07T22:17:50-08:00,0,0
projects/projects.js,90,js,cf3d3a71,Nancy Shen,2025-02-07,22:17:50,-08:00,2025-02-07T22:17:50-08:00,0,0
projects/projects.js,91,js,cf3d3a71,Nancy Shen,2025-02-07,22:17:50,-08:00,2025-02-07T22:17:50-08:00,0,57
projects/projects.js,92,js,cf3d3a71,Nancy Shen,2025-02-07,22:17:50,-08:00,2025-02-07T22:17:50-08:00,0,0
projects/projects.js,93,js,cf3d3a71,Nancy Shen,2025-02-07,22:17:50,-08:00,2025-02-07T22:17:50-08:00,0,0
projects/projects.js,94,js,cf3d3a71,Nancy Shen,2025-02-07,22:17:50,-08:00,2025-02-07T22:17:50-08:00,0,62
projects/projects.js,95,js,cf3d3a71,Nancy Shen,2025-02-07,22:17:50,-08:00,2025-02-07T22:17:50-08:00,0,35
projects/projects.js,96,js,cf3d3a71,Nancy Shen,2025-02-07,22:17:50,-08:00,2025-02-07T22:17:50-08:00,0,52
projects/projects.js,97,js,cf3d3a71,Nancy Shen,2025-02-07,22:17:50,-08:00,2025-02-07T22:17:50-08:00,0,70
projects/projects.js,98,js,cf3d3a71,Nancy Shen,2025-02-07,22:17:50,-08:00,2025-02-07T22:17:50-08:00,0,2
projects/projects.js,99,js,cf3d3a71,Nancy Shen,2025-02-07,22:17:50,-08:00,2025-02-07T22:17:50-08:00,0,0
projects/projects.js,100,js,cf3d3a71,Nancy Shen,2025-02-07,22:17:50,-08:00,2025-02-07T22:17:50-08:00,0,57
projects/projects.js,101,js,cf3d3a71,Nancy Shen,2025-02-07,22:17:50,-08:00,2025-02-07T22:17:50-08:00,0,32
projects/projects.js,102,js,cf3d3a71,Nancy Shen,2025-02-07,22:17:50,-08:00,2025-02-07T22:17:50-08:00,0,0
projects/projects.js,103,js,cf3d3a71,Nancy Shen,2025-02-07,22:17:50,-08:00,2025-02-07T22:17:50-08:00,0,0
projects/projects.js,104,js,cf3d3a71,Nancy Shen,2025-02-07,22:17:50,-08:00,2025-02-07T22:17:50-08:00,0,33
projects/projects.js,105,js,cf3d3a71,Nancy Shen,2025-02-07,22:17:50,-08:00,2025-02-07T22:17:50-08:00,0,24
projects/projects.js,106,js,cf3d3a71,Nancy Shen,2025-02-07,22:17:50,-08:00,2025-02-07T22:17:50-08:00,0,0
projects/projects.js,107,js,cf3d3a71,Nancy Shen,2025-02-07,22:17:50,-08:00,2025-02-07T22:17:50-08:00,0,26
projects/projects.js,108,js,cf3d3a71,Nancy Shen,2025-02-07,22:17:50,-08:00,2025-02-07T22:17:50-08:00,0,54
projects/projects.js,109,js,cf3d3a71,Nancy Shen,2025-02-07,22:17:50,-08:00,2025-02-07T22:17:50-08:00,0,49
projects/projects.js,110,js,cf3d3a71,Nancy Shen,2025-02-07,22:17:50,-08:00,2025-02-07T22:17:50-08:00,0,40
projects/projects.js,111,js,cf3d3a71,Nancy Shen,2025-02-07,22:17:50,-08:00,2025-02-07T22:17:50-08:00,0,18
projects/projects.js,112,js,cf3d3a71,Nancy Shen,2025-02-07,22:17:50,-08:00,2025-02-07T22:17:50-08:00,0,25
projects/projects.js,113,js,cf3d3a71,Nancy Shen,2025-02-07,22:17:50,-08:00,2025-02-07T22:17:50-08:00,0,2
projects/index.html,1,html,d48aa518,Nancy Shen,2025-01-17,20:38:24,-08:00,2025-01-17T20:38:24-08:00,0,14
projects/index.html,2,html,d48aa518,Nancy Shen,2025-01-17,20:38:24,-08:00,2025-01-17T20:38:24-08:00,0,15
projects/index.html,3,html,d48aa518,Nancy Shen,2025-01-17,20:38:24,-08:00,2025-01-17T20:38:24-08:00,0,5
projects/index.html,4,html,cf3d3a71,Nancy Shen,2025-02-07,22:17:50,-08:00,2025-02-07T22:17:50-08:00,0,42
projects/index.html,5,html,d48aa518,Nancy Shen,2025-01-17,20:38:24,-08:00,2025-01-17T20:38:24-08:00,0,21
projects/index.html,6,html,d48aa518,Nancy Shen,2025-01-17,20:38:24,-08:00,2025-01-17T20:38:24-08:00,0,69
projects/index.html,7,html,cf3d3a71,Nancy Shen,2025-02-07,22:17:50,-08:00,2025-02-07T22:17:50-08:00,0,52
projects/index.html,8,html,d0cd7225,Nancy Shen,2025-01-25,19:30:46,-08:00,2025-01-25T19:30:46-08:00,0,49
projects/index.html,9,html,cf3d3a71,Nancy Shen,2025-02-07,22:17:50,-08:00,2025-02-07T22:17:50-08:00,0,23
projects/index.html,10,html,d48aa518,Nancy Shen,2025-01-17,20:38:24,-08:00,2025-01-17T20:38:24-08:00,0,6
projects/index.html,11,html,d48aa518,Nancy Shen,2025-01-17,20:38:24,-08:00,2025-01-17T20:38:24-08:00,0,5
projects/index.html,12,html,cf3d3a71,Nancy Shen,2025-02-07,22:17:50,-08:00,2025-02-07T22:17:50-08:00,0,39
projects/index.html,13,html,cf3d3a71,Nancy Shen,2025-02-07,22:17:50,-08:00,2025-02-07T22:17:50-08:00,0,26
projects/index.html,14,html,cf3d3a71,Nancy Shen,2025-02-07,22:17:50,-08:00,2025-02-07T22:17:50-08:00,0,22
projects/index.html,15,html,cf3d3a71,Nancy Shen,2025-02-07,22:17:50,-08:00,2025-02-07T22:17:50-08:00,0,78
projects/index.html,16,html,cf3d3a71,Nancy Shen,2025-02-07,22:17:50,-08:00,2025-02-07T22:17:50-08:00,0,5
projects/index.html,17,html,cf3d3a71,Nancy Shen,2025-02-07,22:17:50,-08:00,2025-02-07T22:17:50-08:00,0,23
projects/index.html,18,html,cf3d3a71,Nancy Shen,2025-02-07,22:17:50,-08:00,2025-02-07T22:17:50-08:00,0,5
projects/index.html,19,html,05c7022c,Nancy Shen,2025-01-18,20:27:02,-08:00,2025-01-18T20:27:02-08:00,0,5
projects/index.html,20,html,cf3d3a71,Nancy Shen,2025-02-07,22:17:50,-08:00,2025-02-07T22:17:50-08:00,0,5
projects/index.html,21,html,cf3d3a71,Nancy Shen,2025-02-07,22:17:50,-08:00,2025-02-07T22:17:50-08:00,0,16
projects/index.html,22,html,cf3d3a71,Nancy Shen,2025-02-07,22:17:50,-08:00,2025-02-07T22:17:50-08:00,0,12
projects/index.html,23,html,cf3d3a71,Nancy Shen,2025-02-07,22:17:50,-08:00,2025-02-07T22:17:50-08:00,0,27
projects/index.html,24,html,cf3d3a71,Nancy Shen,2025-02-07,22:17:50,-08:00,2025-02-07T22:17:50-08:00,0,32
projects/index.html,25,html,cf3d3a71,Nancy Shen,2025-02-07,22:17:50,-08:00,2025-02-07T22:17:50-08:00,0,1
projects/index.html,26,html,cf3d3a71,Nancy Shen,2025-02-07,22:17:50,-08:00,2025-02-07T22:17:50-08:00,0,27
projects/index.html,27,html,cf3d3a71,Nancy Shen,2025-02-07,22:17:50,-08:00,2025-02-07T22:17:50-08:00,0,48
projects/index.html,28,html,d48aa518,Nancy Shen,2025-01-17,20:38:24,-08:00,2025-01-17T20:38:24-08:00,0,6
projects/index.html,29,html,d48aa518,Nancy Shen,2025-01-17,20:38:24,-08:00,2025-01-17T20:38:24-08:00,0,6
meta/index.html,1,html,6ef9b7ae,Nancy Shen,2025-02-14,19:52:14,-08:00,2025-02-14T19:52:14-08:00,0,14
meta/index.html,2,html,6ef9b7ae,Nancy Shen,2025-02-14,19:52:14,-08:00,2025-02-14T19:52:14-08:00,0,15
meta/index.html,3,html,6ef9b7ae,Nancy Shen,2025-02-14,19:52:14,-08:00,2025-02-14T19:52:14-08:00,0,5
meta/index.html,4,html,6ef9b7ae,Nancy Shen,2025-02-14,19:52:14,-08:00,2025-02-14T19:52:14-08:00,0,21
meta/index.html,5,html,6ef9b7ae,Nancy Shen,2025-02-14,19:52:14,-08:00,2025-02-14T19:52:14-08:00,0,69
meta/index.html,6,html,6ef9b7ae,Nancy Shen,2025-02-14,19:52:14,-08:00,2025-02-14T19:52:14-08:00,0,18
meta/index.html,7,html,6ef9b7ae,Nancy Shen,2025-02-14,19:52:14,-08:00,2025-02-14T19:52:14-08:00,0,6
meta/index.html,8,html,6ef9b7ae,Nancy Shen,2025-02-14,19:52:14,-08:00,2025-02-14T19:52:14-08:00,0,5
meta/index.html,9,html,6ef9b7ae,Nancy Shen,2025-02-14,19:52:14,-08:00,2025-02-14T19:52:14-08:00,0,4
meta/index.html,10,html,6ef9b7ae,Nancy Shen,2025-02-14,19:52:14,-08:00,2025-02-14T19:52:14-08:00,0,3
meta/index.html,11,html,6ef9b7ae,Nancy Shen,2025-02-14,19:52:14,-08:00,2025-02-14T19:52:14-08:00,0,28
meta/index.html,12,html,6ef9b7ae,Nancy Shen,2025-02-14,19:52:14,-08:00,2025-02-14T19:52:14-08:00,0,40
meta/index.html,13,html,6ef9b7ae,Nancy Shen,2025-02-14,19:52:14,-08:00,2025-02-14T19:52:14-08:00,0,28
meta/index.html,14,html,6ef9b7ae,Nancy Shen,2025-02-14,19:52:14,-08:00,2025-02-14T19:52:14-08:00,0,38
meta/index.html,15,html,6ef9b7ae,Nancy Shen,2025-02-14,19:52:14,-08:00,2025-02-14T19:52:14-08:00,0,47
meta/index.html,16,html,6ef9b7ae,Nancy Shen,2025-02-14,19:52:14,-08:00,2025-02-14T19:52:14-08:00,0,58
meta/index.html,17,html,6ef9b7ae,Nancy Shen,2025-02-14,19:52:14,-08:00,2025-02-14T19:52:14-08:00,0,4
meta/index.html,18,html,6ef9b7ae,Nancy Shen,2025-02-14,19:52:14,-08:00,2025-02-14T19:52:14-08:00,0,5
meta/index.html,19,html,6ef9b7ae,Nancy Shen,2025-02-14,19:52:14,-08:00,2025-02-14T19:52:14-08:00,0,0
meta/index.html,20,html,6ef9b7ae,Nancy Shen,2025-02-14,19:52:14,-08:00,2025-02-14T19:52:14-08:00,0,5
meta/index.html,21,html,6ef9b7ae,Nancy Shen,2025-02-14,19:52:14,-08:00,2025-02-14T19:52:14-08:00,0,12
meta/index.html,22,html,6ef9b7ae,Nancy Shen,2025-02-14,19:52:14,-08:00,2025-02-14T19:52:14-08:00,0,62
meta/index.html,23,html,6ef9b7ae,Nancy Shen,2025-02-14,19:52:14,-08:00,2025-02-14T19:52:14-08:00,0,6
meta/index.html,24,html,6ef9b7ae,Nancy Shen,2025-02-14,19:52:14,-08:00,2025-02-14T19:52:14-08:00,0,6
meta/index.html,25,html,6ef9b7ae,Nancy Shen,2025-02-14,19:52:14,-08:00,2025-02-14T19:52:14-08:00,0,6
cv/index.html,1,html,dce0632e,Nancy Shen,2025-01-17,20:53:11,-08:00,2025-01-17T20:53:11-08:00,0,14
cv/index.html,2,html,dce0632e,Nancy Shen,2025-01-17,20:53:11,-08:00,2025-01-17T20:53:11-08:00,0,15
cv/index.html,3,html,dce0632e,Nancy Shen,2025-01-17,20:53:11,-08:00,2025-01-17T20:53:11-08:00,0,5
cv/index.html,4,html,dce0632e,Nancy Shen,2025-01-17,20:53:11,-08:00,2025-01-17T20:53:11-08:00,0,21
cv/index.html,5,html,dce0632e,Nancy Shen,2025-01-17,20:53:11,-08:00,2025-01-17T20:53:11-08:00,0,69
cv/index.html,6,html,bc6495bd,Nancy Shen,2025-01-17,21:22:01,-08:00,2025-01-17T21:22:01-08:00,0,28
cv/index.html,7,html,dce0632e,Nancy Shen,2025-01-17,20:53:11,-08:00,2025-01-17T20:53:11-08:00,0,42
cv/index.html,8,html,d0cd7225,Nancy Shen,2025-01-25,19:30:46,-08:00,2025-01-25T19:30:46-08:00,0,49
cv/index.html,9,html,dce0632e,Nancy Shen,2025-01-17,20:53:11,-08:00,2025-01-17T20:53:11-08:00,0,6
cv/index.html,10,html,dce0632e,Nancy Shen,2025-01-17,20:53:11,-08:00,2025-01-17T20:53:11-08:00,0,5
cv/index.html,11,html,dce0632e,Nancy Shen,2025-01-17,20:53:11,-08:00,2025-01-17T20:53:11-08:00,0,0
cv/index.html,12,html,dce0632e,Nancy Shen,2025-01-17,20:53:11,-08:00,2025-01-17T20:53:11-08:00,0,8
cv/index.html,13,html,dce0632e,Nancy Shen,2025-01-17,20:53:11,-08:00,2025-01-17T20:53:11-08:00,0,7
cv/index.html,14,html,35cdbe67,Nancy Shen,2025-01-17,21:17:11,-08:00,2025-01-17T21:17:11-08:00,0,18
cv/index.html,15,html,35cdbe67,Nancy Shen,2025-01-17,21:17:11,-08:00,2025-01-17T21:17:11-08:00,0,75
cv/index.html,16,html,dce0632e,Nancy Shen,2025-01-17,20:53:11,-08:00,2025-01-17T20:53:11-08:00,0,8
cv/index.html,17,html,dce0632e,Nancy Shen,2025-01-17,20:53:11,-08:00,2025-01-17T20:53:11-08:00,0,9
cv/index.html,18,html,dce0632e,Nancy Shen,2025-01-17,20:53:11,-08:00,2025-01-17T20:53:11-08:00,0,0
cv/index.html,19,html,dce0632e,Nancy Shen,2025-01-17,20:53:11,-08:00,2025-01-17T20:53:11-08:00,0,8
cv/index.html,20,html,dce0632e,Nancy Shen,2025-01-17,20:53:11,-08:00,2025-01-17T20:53:11-08:00,0,7
cv/index.html,21,html,dce0632e,Nancy Shen,2025-01-17,20:53:11,-08:00,2025-01-17T20:53:11-08:00,0,17
cv/index.html,22,html,dce0632e,Nancy Shen,2025-01-17,20:53:11,-08:00,2025-01-17T20:53:11-08:00,0,8
cv/index.html,23,html,dce0632e,Nancy Shen,2025-01-17,20:53:11,-08:00,2025-01-17T20:53:11-08:00,0,8
cv/index.html,24,html,dce0632e,Nancy Shen,2025-01-17,20:53:11,-08:00,2025-01-17T20:53:11-08:00,0,91
cv/index.html,25,html,dce0632e,Nancy Shen,2025-01-17,20:53:11,-08:00,2025-01-17T20:53:11-08:00,0,51
cv/index.html,26,html,dce0632e,Nancy Shen,2025-01-17,20:53:11,-08:00,2025-01-17T20:53:11-08:00,0,27
cv/index.html,27,html,dce0632e,Nancy Shen,2025-01-17,20:53:11,-08:00,2025-01-17T20:53:11-08:00,0,9
cv/index.html,28,html,dce0632e,Nancy Shen,2025-01-17,20:53:11,-08:00,2025-01-17T20:53:11-08:00,0,9
cv/index.html,29,html,dce0632e,Nancy Shen,2025-01-17,20:53:11,-08:00,2025-01-17T20:53:11-08:00,0,0
cv/index.html,30,html,dce0632e,Nancy Shen,2025-01-17,20:53:11,-08:00,2025-01-17T20:53:11-08:00,0,8
cv/index.html,31,html,dce0632e,Nancy Shen,2025-01-17,20:53:11,-08:00,2025-01-17T20:53:11-08:00,0,7
cv/index.html,32,html,dce0632e,Nancy Shen,2025-01-17,20:53:11,-08:00,2025-01-17T20:53:11-08:00,0,31
cv/index.html,33,html,dce0632e,Nancy Shen,2025-01-17,20:53:11,-08:00,2025-01-17T20:53:11-08:00,0,8
cv/index.html,34,html,dce0632e,Nancy Shen,2025-01-17,20:53:11,-08:00,2025-01-17T20:53:11-08:00,0,8
cv/index.html,35,html,dce0632e,Nancy Shen,2025-01-17,20:53:11,-08:00,2025-01-17T20:53:11-08:00,0,26
cv/index.html,36,html,dce0632e,Nancy Shen,2025-01-17,20:53:11,-08:00,2025-01-17T20:53:11-08:00,0,31
cv/index.html,37,html,dce0632e,Nancy Shen,2025-01-17,20:53:11,-08:00,2025-01-17T20:53:11-08:00,0,3
cv/index.html,38,html,dce0632e,Nancy Shen,2025-01-17,20:53:11,-08:00,2025-01-17T20:53:11-08:00,0,82
cv/index.html,39,html,dce0632e,Nancy Shen,2025-01-17,20:53:11,-08:00,2025-01-17T20:53:11-08:00,0,55
cv/index.html,40,html,dce0632e,Nancy Shen,2025-01-17,20:53:11,-08:00,2025-01-17T20:53:11-08:00,0,4
cv/index.html,41,html,dce0632e,Nancy Shen,2025-01-17,20:53:11,-08:00,2025-01-17T20:53:11-08:00,0,9
cv/index.html,42,html,dce0632e,Nancy Shen,2025-01-17,20:53:11,-08:00,2025-01-17T20:53:11-08:00,0,8
cv/index.html,43,html,dce0632e,Nancy Shen,2025-01-17,20:53:11,-08:00,2025-01-17T20:53:11-08:00,0,18
cv/index.html,44,html,dce0632e,Nancy Shen,2025-01-17,20:53:11,-08:00,2025-01-17T20:53:11-08:00,0,28
cv/index.html,45,html,dce0632e,Nancy Shen,2025-01-17,20:53:11,-08:00,2025-01-17T20:53:11-08:00,0,3
cv/index.html,46,html,dce0632e,Nancy Shen,2025-01-17,20:53:11,-08:00,2025-01-17T20:53:11-08:00,0,97
cv/index.html,47,html,dce0632e,Nancy Shen,2025-01-17,20:53:11,-08:00,2025-01-17T20:53:11-08:00,0,4
cv/index.html,48,html,dce0632e,Nancy Shen,2025-01-17,20:53:11,-08:00,2025-01-17T20:53:11-08:00,0,9
cv/index.html,49,html,dce0632e,Nancy Shen,2025-01-17,20:53:11,-08:00,2025-01-17T20:53:11-08:00,0,9
cv/index.html,50,html,dce0632e,Nancy Shen,2025-01-17,20:53:11,-08:00,2025-01-17T20:53:11-08:00,0,0
cv/index.html,51,html,dce0632e,Nancy Shen,2025-01-17,20:53:11,-08:00,2025-01-17T20:53:11-08:00,0,8
cv/index.html,52,html,dce0632e,Nancy Shen,2025-01-17,20:53:11,-08:00,2025-01-17T20:53:11-08:00,0,7
cv/index.html,53,html,dce0632e,Nancy Shen,2025-01-17,20:53:11,-08:00,2025-01-17T20:53:11-08:00,0,14
cv/index.html,54,html,dce0632e,Nancy Shen,2025-01-17,20:53:11,-08:00,2025-01-17T20:53:11-08:00,0,8
cv/index.html,55,html,dce0632e,Nancy Shen,2025-01-17,20:53:11,-08:00,2025-01-17T20:53:11-08:00,0,3
cv/index.html,56,html,dce0632e,Nancy Shen,2025-01-17,20:53:11,-08:00,2025-01-17T20:53:11-08:00,0,43
cv/index.html,57,html,dce0632e,Nancy Shen,2025-01-17,20:53:11,-08:00,2025-01-17T20:53:11-08:00,0,72
cv/index.html,58,html,dce0632e,Nancy Shen,2025-01-17,20:53:11,-08:00,2025-01-17T20:53:11-08:00,0,4
cv/index.html,59,html,dce0632e,Nancy Shen,2025-01-17,20:53:11,-08:00,2025-01-17T20:53:11-08:00,0,9
cv/index.html,60,html,dce0632e,Nancy Shen,2025-01-17,20:53:11,-08:00,2025-01-17T20:53:11-08:00,0,0
cv/index.html,61,html,dce0632e,Nancy Shen,2025-01-17,20:53:11,-08:00,2025-01-17T20:53:11-08:00,0,6
cv/index.html,62,html,dce0632e,Nancy Shen,2025-01-17,20:53:11,-08:00,2025-01-17T20:53:11-08:00,0,6
contact/index.html,1,html,d48aa518,Nancy Shen,2025-01-17,20:38:24,-08:00,2025-01-17T20:38:24-08:00,0,14
contact/index.html,2,html,d48aa518,Nancy Shen,2025-01-17,20:38:24,-08:00,2025-01-17T20:38:24-08:00,0,15
contact/index.html,3,html,d48aa518,Nancy Shen,2025-01-17,20:38:24,-08:00,2025-01-17T20:38:24-08:00,0,5
contact/index.html,4,html,d48aa518,Nancy Shen,2025-01-17,20:38:24,-08:00,2025-01-17T20:38:24-08:00,0,21
contact/index.html,5,html,d48aa518,Nancy Shen,2025-01-17,20:38:24,-08:00,2025-01-17T20:38:24-08:00,0,69
contact/index.html,6,html,551a4809,Nancy Shen,2025-01-17,20:47:09,-08:00,2025-01-17T20:47:09-08:00,0,21
contact/index.html,7,html,551a4809,Nancy Shen,2025-01-17,20:47:09,-08:00,2025-01-17T20:47:09-08:00,0,42
contact/index.html,8,html,d0cd7225,Nancy Shen,2025-01-25,19:30:46,-08:00,2025-01-25T19:30:46-08:00,0,49
contact/index.html,9,html,d48aa518,Nancy Shen,2025-01-17,20:38:24,-08:00,2025-01-17T20:38:24-08:00,0,6
contact/index.html,10,html,d48aa518,Nancy Shen,2025-01-17,20:38:24,-08:00,2025-01-17T20:38:24-08:00,0,5
contact/index.html,11,html,d48aa518,Nancy Shen,2025-01-17,20:38:24,-08:00,2025-01-17T20:38:24-08:00,0,15
contact/index.html,12,html,fc732254,Nancy Shen,2025-01-17,20:49:50,-08:00,2025-01-17T20:49:50-08:00,0,0
contact/index.html,13,html,fc732254,Nancy Shen,2025-01-17,20:49:50,-08:00,2025-01-17T20:49:50-08:00,0,71
contact/index.html,14,html,fc732254,Nancy Shen,2025-01-17,20:49:50,-08:00,2025-01-17T20:49:50-08:00,0,20
contact/index.html,15,html,fc732254,Nancy Shen,2025-01-17,20:49:50,-08:00,2025-01-17T20:49:50-08:00,0,32
contact/index.html,16,html,fc732254,Nancy Shen,2025-01-17,20:49:50,-08:00,2025-01-17T20:49:50-08:00,0,11
contact/index.html,17,html,fc732254,Nancy Shen,2025-01-17,20:49:50,-08:00,2025-01-17T20:49:50-08:00,0,14
contact/index.html,18,html,fc732254,Nancy Shen,2025-01-17,20:49:50,-08:00,2025-01-17T20:49:50-08:00,0,33
contact/index.html,19,html,fc732254,Nancy Shen,2025-01-17,20:49:50,-08:00,2025-01-17T20:49:50-08:00,0,11
contact/index.html,20,html,fc732254,Nancy Shen,2025-01-17,20:49:50,-08:00,2025-01-17T20:49:50-08:00,0,14
contact/index.html,21,html,fc732254,Nancy Shen,2025-01-17,20:49:50,-08:00,2025-01-17T20:49:50-08:00,0,32
contact/index.html,22,html,fc732254,Nancy Shen,2025-01-17,20:49:50,-08:00,2025-01-17T20:49:50-08:00,0,11
contact/index.html,23,html,fc732254,Nancy Shen,2025-01-17,20:49:50,-08:00,2025-01-17T20:49:50-08:00,0,26
contact/index.html,24,html,fc732254,Nancy Shen,2025-01-17,20:49:50,-08:00,2025-01-17T20:49:50-08:00,0,6
contact/index.html,25,html,d48aa518,Nancy Shen,2025-01-17,20:38:24,-08:00,2025-01-17T20:38:24-08:00,0,6
contact/index.html,26,html,d48aa518,Nancy Shen,2025-01-17,20:38:24,-08:00,2025-01-17T20:38:24-08:00,0,6
